Serial Number,Artist,Song Name,Year,Spotify URL
SN-001,Shakra,Why,2014,https://open.spotify.com/track/5jHrNHeXA7ew7pEYmK8AK8
SN-002,Gotthard,Say Goodbye,2015,https://open.spotify.com/track/1hTsaftAi8nQO6r3cBpgA3
SN-003,Gotthard,"He Ain't Heavy, He's My Brother",2015,https://open.spotify.com/track/4EvDZ2AYUS10f3VHyjzKXs
SN-004,Krokus,Help,2013,https://open.spotify.com/track/3OpObTBJk84DJ8Mmz8KEdQ
SN-005,Krokus,So Long,2006,https://open.spotify.com/track/3ygByBQwWjqqR0i5QsN3Ra
SN-006,Bloodbound,Brothers Of War,2011,https://open.spotify.com/track/11Fe740cSiuO0wO4117ZqN
SN-007,Dan Reed,Holy_Diver_mix,2011,https://open.spotify.com/track/37Xkgbx9mqmRn8zMOGZUyJ
SN-008,Shakra,Love Will Find a Way,2007,https://open.spotify.com/track/5GBKUK8HSYyWCUjg2vm8zV
SN-009,Saturnus,All Alone,2006,https://open.spotify.com/track/52ADjbnO2yizl9ke12CKov
SN-010,Saturnus,I Long,2006,https://open.spotify.com/track/31TbbzGqa8VpRhmPzWRnhl
SN-011,Art Nation,Look to the Sky,2015,https://open.spotify.com/track/7AYPRPlAGM9OzNTCVq7yev
SN-012,Avantasia,The Haunting,2016,https://open.spotify.com/track/2gsAMZrIviWlgcbMXlJLJq
SN-013,Cruachan,Ride On,2008,https://open.spotify.com/track/1J6yyQEcX6s2LN3uxff1dJ
SN-014,Magdallan,House Of Dreams,1992,https://open.spotify.com/track/6bta6hCQAWu28U5ZftjRpN
SN-015,Carsten Lizard Schulz Syndicate,Man in Flames,2015,https://open.spotify.com/track/0bA1Od6YTppEhPqMJL8u8e
SN-016,Scorpions,Gypsy Life,2015,https://open.spotify.com/track/5LKiWwxNCLR5BQ0sER1TKM
SN-017,Ismerős Arcok,Nélküled,2007,https://open.spotify.com/track/4jlEAEwhBBUwWb6ayb84Xx
SN-018,Ismerős Arcok,Nagypénteken Holló Mossa Két Fiát,2007,https://open.spotify.com/track/4May6fSLZQbQXN5eMVExCj
SN-019,Inglorious,Holy Water,2016,https://open.spotify.com/track/0I6xRFPmxA5gqCNhimlRKt
SN-020,Inglorious,Bleed for You,2016,https://open.spotify.com/track/78xcqcN92M2GrWpvmqtJ0x
SN-021,Steve Miller Band,Journey From Eden,1991,https://open.spotify.com/track/3jkzb30smLGLzFR4PHaUeg
SN-022,Almah,Warm Wind,2013,https://open.spotify.com/track/0wXpVoz55wYAu9HXgBh4e9
SN-023,Moonsorrow,Mimisbrunn,2016,https://open.spotify.com/track/5wzP6LbOTpgQgKkBtCBbEm
SN-024,Avatarium,Pearls And Coffins,2015,https://open.spotify.com/track/7iGqZsTffy9oP5Cpr7nvnD
SN-025,Tiamat,A Deeper Kind of Slumber,1997,https://open.spotify.com/track/6McTEPOKS0KGCiCd6QSOWz
SN-026,Coverdale/Page,Take Me for a Little While,1993,https://open.spotify.com/track/63IYBrppd22mLuFvOQUAkR
SN-027,Tiamat,Radiant Star,2012,https://open.spotify.com/track/322BgU0FVbJey2EGPW6RVa
SN-028,Tiamat,The Sun Also Rises,2012,https://open.spotify.com/track/27tWmz88Rm3sN24sH08O4s
SN-029,Tiamat,Phantasma De Luxe - remastered,2007,https://open.spotify.com/track/1XwMNK9ciwsUfLRQ8vK92g
SN-030,Devin Townsend Project,Ghost,2012,https://open.spotify.com/track/51e8VAJAVB8PsrwCVruTjK
SN-031,Black Star Riders,Blindsided,2015,https://open.spotify.com/track/1Z90D8Ax70ZiGh7L88xIY0
SN-032,Sentenced,Mourn,1998,https://open.spotify.com/track/3L87ysY2Pk5OL85Hyd2FfO
SN-033,Bombus,"I Call You Over (Hairy Teeth, Pt. II)",2016,https://open.spotify.com/track/2gPGB1Xxtr1XjQE9Ni1DyT
SN-034,Stone Sour,Taciturn,2012,https://open.spotify.com/track/0pVL6gE6ebXHExO9IzrJDQ
SN-035,STEELHEART,She's Gone,1991,https://open.spotify.com/track/6HJ6dElVBIqmqx0gqxYloY
SN-036,Europe,Open Your Heart,2009,https://open.spotify.com/track/0WwJyHsXun2Xm6wPXKdxKj
SN-037,Hypnogaja,Here Comes The Rain Again,2005,https://open.spotify.com/track/5xFuYnKruaC6AVbg9GDHuv
SN-038,Scorpions,Send Me An Angel,1990,https://open.spotify.com/track/4rBgm0zIGwwAhuUibPehy2
SN-039,Slipknot,Snuff,2008,https://open.spotify.com/track/02wWugZopNahlikfX5vm3F
SN-040,Evanescence,My Immortal,2003,https://open.spotify.com/track/4UzVcXufOhGUwF56HT7b8M
SN-041,Judas Priest,Angel,2005,https://open.spotify.com/track/0HSqXHUdHUbDjWxYIClohv
SN-042,Dokken,Alone Again,1984,https://open.spotify.com/track/1j06ieEC2BOCM0fTmYhn2l
SN-043,Nightwish,"While Your Lips Are Still Red (Theme From ""Lieksa!"")",2008,https://open.spotify.com/track/1EOz3sUovTH8YQ40yMLpMQ
SN-044,At Vance,Lost in Your Love,2007,https://open.spotify.com/track/5MKDEPKo1w0kXEfoxnyVjw
SN-045,Guns N' Roses,This I Love,2008,https://open.spotify.com/track/548Dh2CxAhM1ZgRVxTmgcv
SN-046,Seventh Wonder,Long Way Home,2010,https://open.spotify.com/track/5OtRmC7PBCSpjJyiP4R2tf
SN-047,Masterplan,Dying Just To Live,2007,https://open.spotify.com/track/07sxxUjW39OC3v0CxzQvga
SN-048,Jaded Heart,Without You,2005,https://open.spotify.com/track/7zoCs4VLWRAYZ2zoUOiOmU
SN-049,Nostradameus,Not Only Women Bleed,2007,https://open.spotify.com/track/5KKpccAC8O5CrVPoBotn1n
SN-050,Shakra,Life's What You Need,2016,https://open.spotify.com/track/5ERBh29aP24MmSmEvDTdnR
SN-051,Thunderstone,Spread My Wings,2002,https://open.spotify.com/track/33CA4egPDa1qsBliXJ98uI
SN-052,Gotthard,Let It Rain,2002,https://open.spotify.com/track/0W34DvpoupX2an6aFTu77z
SN-053,Bruce Dickinson,Tears Of The Dragon,1994,https://open.spotify.com/track/5cYDScKe99M55PiBUk4yB2
SN-054,Nightingale,Echoes of a Dream,2015,https://open.spotify.com/track/793n2iNtekYfKHDSYyCRaK
SN-055,Eden's Curse,The Voice Inside,2007,https://open.spotify.com/track/4Y7TvnVmBeDYtb7XvafASh
SN-056,Adrenaline Mob,Angel Sky (Acoustic w/Band),2015,https://open.spotify.com/track/4fA4EFWgiDFIUprbCHN4H9
SN-057,The Poodles,Crying,2006,https://open.spotify.com/track/6kwkDKqPEizi7zDoDFoTHS
SN-058,Joe Lynn Turner,Dreaming (Tell Me),1988,https://open.spotify.com/track/7xlsOxDkofSgvLQQkhFKw3
SN-059,Gotthard,Tell Me,2012,https://open.spotify.com/track/45kG3h83Sb7GRaYKgbYzJh
SN-060,Sixx:A.M.,Skin,2011,https://open.spotify.com/track/7Cg7OoKzK3dF04d8LJHhQT
SN-061,Nightingale,Nightfall Overture,2005,https://open.spotify.com/track/3e85uUPNolBHza9UW9rLqo
SN-062,Axxis,The Fire Still Burns,2015,https://open.spotify.com/track/7g9DVY10HQycG2l6WaUsnO
SN-063,Thunder,Love Walked In,2000,https://open.spotify.com/track/73bVYFCVJN1YwCSyRjEslG
SN-064,Rob Rock,Unconditional,2007,https://open.spotify.com/track/0JIQJhtcF1AMSo8GE3d5hu
SN-065,Primal Fear,Born with a Broken Heart,2014,https://open.spotify.com/track/0OmX44vj4MwrCyP4dafV1u
SN-066,Guns N' Roses,Don't Cry (Original),1991,https://open.spotify.com/track/0ZEhlT9v8CdOKu55zhYGv9
SN-067,Beautiful Sin,Closer To My Heart,2006,https://open.spotify.com/track/1xDSfQU4822nenPTRLfjEL
SN-068,Damn Yankees,High Enough,2002,https://open.spotify.com/track/1hdlUk6nDXwtWKwcxPNNU6
SN-069,Gotthard,"One Life, One Soul",2002,https://open.spotify.com/track/2WYjGG0b0w5nM5U6fpuZTz
SN-070,Helloween,A Tale That Wasn't Right,2006,https://open.spotify.com/track/0XfQQS9SWqib3Xc1lNgQpt
SN-071,Dream Theater,Another Day,1992,https://open.spotify.com/track/69kZsoRrSf7GBTSdJ4BjqA
SN-072,Helloween,Forever And One (Neverland),1996,https://open.spotify.com/track/0QIwniBJtPQsW3qcSwc8tb
SN-073,Firehouse,Love of a Lifetime (2024 Remaster),1990,https://open.spotify.com/track/2kDH08boXJyhKMl5hnZbrE
SN-074,Deep Purple,Soldier Of Fortune - 2009 Digital Remaster,1974,https://open.spotify.com/track/60ifqqPhbselSwXyGrGyMK
SN-075,Accept,Kill The Pain,2010,https://open.spotify.com/track/1pTqCIobctp00KKkfkcasm
SN-076,Metallica,Nothing Else Matters,1991,https://open.spotify.com/track/0nLiqZ6A27jJri2VCalIUs
SN-077,Metallica,The Unforgiven,1991,https://open.spotify.com/track/0BAjUM6V9P9g8rK83hVUTJ
SN-078,Rainbow,The Temple Of The King,1975,https://open.spotify.com/track/6Z435tBPT5JamUR9dN7y8y
SN-079,Deep Purple,Love Conquers All,1990,https://open.spotify.com/track/0Q7sFMIqfp3eMtjF3w3S6F
SN-080,Accept,Breaking Up Again,1981,https://open.spotify.com/track/5w3HWeKw9zzjqolV8r86Fa
SN-081,Firehouse,Hold the Dream,1992,https://open.spotify.com/track/0Pp8pAV6tKyRr0JjDIW45R
SN-082,Therion,Seawinds,1999,https://open.spotify.com/track/6AeSUVYgrFQab4Mpjswb2d
SN-083,Texas Hippie Coalition,Think Of Me,2012,https://open.spotify.com/track/1MHZyP7Whr2Qgjc00lWCBS
SN-084,Serenity,For Freedom's Sake,2013,https://open.spotify.com/track/41imkxpleLJYEbfgXkqsYb
SN-085,UFO,Belladonna - 2007 Remastered Version,1976,https://open.spotify.com/track/18TKoSLN67t1LchUVfGfCQ
SN-086,Ancient Bards,In My Arms,2014,https://open.spotify.com/track/25UVNaSkHomPFZXbO3HYb1
SN-087,Wolf Hoffmann,Je crois entendre encore,2016,https://open.spotify.com/track/2P95lPRDrfuuFqwYUulL1t
SN-088,Wolf Hoffmann,Adagio,2016,https://open.spotify.com/track/4weswZM56oS9vXlGUAHwd0
SN-089,Carved In Trees,Wasted Years,2016,https://open.spotify.com/track/3c6U71EfGrbUP6zw6PWDjM
SN-090,Dynazty,The Smoking Gun - Acoustic,2016,https://open.spotify.com/track/1r8ZK1ggCxHdCxRLGQMAAU
SN-091,Trick or Treat,Never Say Goodbye,2016,https://open.spotify.com/track/4aNH1MsxlKGcngizJN23ae
SN-092,Trick or Treat,Tears Against Your Smile (feat. Michael Kiske),2009,https://open.spotify.com/track/3uCtCW5A1vXN5qa2IlLYQY
SN-093,Dynazty,This Is My Life,2012,https://open.spotify.com/track/0dW8ERBQGRQPoX8zKNeDjl
SN-094,Dynazty,Back Again,2012,https://open.spotify.com/track/6uCjdzAwYpO27qfyIT0AMG
SN-095,Nightingale,Alonely,2005,https://open.spotify.com/track/5ey8scfVZImrTcn9L6bWf6
SN-096,Saint Deamon,My Sorrow,2008,https://open.spotify.com/track/36YspD75ir9siwlJ7Z3oI6
SN-097,Sister,Would You Love a Creature,2011,https://open.spotify.com/track/3lWxDBYQicl6svpNWBK4w1
SN-098,Allen Lande,Bittersweet,2014,https://open.spotify.com/track/0pnOqvv4fzVRa93ahVkGVn
SN-099,Ian Gillan,When a Blind Man Cries,2006,https://open.spotify.com/track/35RmJasN25h3DTdBwnFaAl
SN-100,Mike Tramp,Trust in Yourself,2014,https://open.spotify.com/track/4j8MweGxwHQQ9oJqlrNcDV
SN-101,Bonfire,You Make Me Feel,2005,https://open.spotify.com/track/229R6O0QXKaXaKp3nBcWva
SN-102,The Magnificent,Angel,2011,https://open.spotify.com/track/6DHiuAjIa3WiwMZEK2p1vz
SN-103,Timo Tolkki’s Avalon,I'll Sing You Home,2013,https://open.spotify.com/track/265JCbbQOkHrX3mVIPwhwV
SN-104,Green Carnation,Sweet Leaf,2006,https://open.spotify.com/track/2N3zRexSJptB3PTW6bBzEk
SN-105,Khymera,Burn Out,2008,https://open.spotify.com/track/1HKeQdssPo8R2lTpRwc0bx
SN-106,Allen Lande,Master Of Sorrow,2007,https://open.spotify.com/track/7KrhyFiJHgF37d73snJmSn
SN-107,Axel Rudi Pell,Where The Wild Waters Flow,2011,https://open.spotify.com/track/42AGEg8Y8s3t7Op2DFfIWz
SN-108,Black Majesty,Six Ribbons,2005,https://open.spotify.com/track/3zYZLj1nK4EBWNa7whPUP1
SN-109,Jon Lord,Pictured Within,1998,https://open.spotify.com/track/4ueaMtZGAz9p4ZMaOTo6p4
SN-110,Helloween,Hold Me In Your Arms,2013,https://open.spotify.com/track/2Gl5hGvQdSnx24gWFT8yMF
SN-111,Broken Door,Angel - Guitar Version /,2012,https://open.spotify.com/track/5pdGREbAwPNz1twEUayXyD
SN-112,Evergrey,Words Mean Nothing,2011,https://open.spotify.com/track/6Xxg7sdiUbIWU7BUiIEko5
SN-113,Dare,Strength,2016,https://open.spotify.com/track/34buUpJZqkzAEa8Hw1fSej
SN-114,Beseech,"My Darkness, Darkness",2016,https://open.spotify.com/track/4msVibUiELTWlBOmVFUjd7
SN-115,Beseech,Lost,2005,https://open.spotify.com/track/3ODz73q5YRm6SeEmQoVIVn
SN-116,Beseech,Sunset 28,2002,https://open.spotify.com/track/47FgMDsWsqYSGNUTrSLc3L
SN-117,King Company,Cast Away,2016,https://open.spotify.com/track/3R7OMydINyxFxp1PJnPHxY
SN-118,Y&T,I Believe In You,2013,https://open.spotify.com/track/34kYxkpeOpdAxvlyLanmXX
SN-119,H.E.A.T,All the Nights,2014,https://open.spotify.com/track/4R8pqxNnV2Yc9oRnvbmqES
SN-120,Lacrimas Profundere,My Chest,2013,https://open.spotify.com/track/0WoEHTH0S8GjoQvOuMYgDx
SN-121,Lacrimas Profundere,A Sigh,2013,https://open.spotify.com/track/6Gk6hAHG3tzh69NHHk6qT6
SN-122,Lacrimas Profundere,A Dead Man,2008,https://open.spotify.com/track/6VZCtp7mJu1EsBT3BfhpnX
SN-123,Dream Theater,Another Day - 2007 Remix,2008,https://open.spotify.com/track/2tHdQiwL8jrGPNDxDFiaVP
SN-124,Ray Wilson,Beach,2003,https://open.spotify.com/track/6wNQteeIAbOjv2eYMazrre
SN-125,Crystal Ball,Home Again,2016,https://open.spotify.com/track/3Ar02sgw9ohKh3sqw4tQ6F
SN-126,Crystal Ball,To Be with You Once More,2016,https://open.spotify.com/track/47NvY4pL9EctacRCGI3wAr
SN-127,Kansas,With This Heart,2016,https://open.spotify.com/track/34z9SzdDNkgMzlXrhLr8sZ
SN-128,Kansas,Refugee,2016,https://open.spotify.com/track/3rbDSOUjpCr7MAIUilHdUa
SN-129,UFO,Try Me - 2008 Remastered Version,1977,https://open.spotify.com/track/399M8cxQUGEHKkG2zIdoy8
SN-130,Arion,You're My Melody,2014,https://open.spotify.com/track/7a2tCIX9fW8Cb1GVnTxl3H
SN-131,Antimatter,Black Eyed Man,2015,https://open.spotify.com/track/0YbJ0cIQ2bxof0iXqXrkDn
SN-132,The 69 Eyes,Star Of Fate,2007,https://open.spotify.com/track/2GcUpBjMZHHAXq4AqIj9TZ
SN-133,Dokken,Walk Away - Live,1988,https://open.spotify.com/track/0ngXQj2El17nn8w9kFUSiX
SN-134,Richie Sambora,Father Time,1991,https://open.spotify.com/track/6xaeNLTVajvNTpjkkNNR6L
SN-135,Nergard,On Through the Storm,2015,https://open.spotify.com/track/5XLpXeSZwLOQjEdoMi0NFn
SN-136,Allen Lande,When Time Doesn't Heal,2007,https://open.spotify.com/track/2OOAGQvtxL0Bwur82HmQ2d
SN-137,Evergrey,The Paradox of the Flame,2016,https://open.spotify.com/track/48MR2h8i80UogosmxKu89X
SN-138,Evergrey,The Impossible,2016,https://open.spotify.com/track/5w5u917Fjv5VG3cQjDvybz
SN-139,Evergrey,Wake a Change,2014,https://open.spotify.com/track/7c94nTJFomlHAcmNCEWhA7
SN-140,Evergrey,The Aftermath,2014,https://open.spotify.com/track/5mTq9ecTpjJqRMG63i8VmH
SN-141,HammerFall,Always Will Be,2007,https://open.spotify.com/track/6paOp68MH360z85Ui98KNl
SN-142,Circus Maximus,Zero,2007,https://open.spotify.com/track/3kgJvMQI8Lel0YU2C52YiP
SN-143,Annihilator,Perfect Angel Eyes,2013,https://open.spotify.com/track/4lpLA9A9vOd6j7sTTS64b0
SN-144,Dreamland,Fade Away,2007,https://open.spotify.com/track/4PIo1ZZkZlKX3ndMR0Stx3
SN-145,Adagio,Promises,2003,https://open.spotify.com/track/6hrPhhcIDVoYPpD4qj5sGv
SN-146,Kamelot,Wander,2003,https://open.spotify.com/track/0GqyL54AdxKUTFv4hTnJ0t
SN-147,Joe Satriani,"The Forgotten, Pt. 2",1989,https://open.spotify.com/track/7FGkfzwLynwMdAVOpqYoyM
SN-148,Michael Sweet,I'll Remember You,2006,https://open.spotify.com/track/7GhUDJK9YlrVccuRjpAwlZ
SN-149,Michael Sweet,Stone,2000,https://open.spotify.com/track/5NL5NToGdpLKBhji0SLPkD
SN-150,Michael Sweet,Every Hour,2006,https://open.spotify.com/track/1p5kbYE5IiVH0g0SnxRL9i
SN-151,The Black Rain,Sugar in Poison,2012,https://open.spotify.com/track/6IqhGAuYntQjIzJFWGwnJZ
SN-152,Mono Inc.,Avalon - Unplugged,2016,https://open.spotify.com/track/3HkEIQotjBDMVys6y6q6Ui
SN-153,Joey Tempest,Elsewhere,1995,https://open.spotify.com/track/0V3zrZtttezCw7gj0YXhhY
SN-154,Triptykon,Aurorae,2014,https://open.spotify.com/track/5EehBjlQfBYKYbDVXydVpp
SN-155,Ari Koivunen,Angels Are Calling,2007,https://open.spotify.com/track/02Y1Jnj4JwRCQDzCDT6yc5
SN-156,Lindemann,That's My Heart,2015,https://open.spotify.com/track/5MgWBlKvVESxyYpRFehNhc
SN-157,Lindemann,Home Sweet Home,2015,https://open.spotify.com/track/07fK0JZ4OCbBovMn1Elrrc
SN-158,Pretty Maids,With These Eyes - Rerecorded,2014,https://open.spotify.com/track/7jThSvI5XqjYHQHaAjysq9
SN-159,Ghost,Bible,2015,https://open.spotify.com/track/5Sa96hbSpveqsMZIV5Y9no
SN-160,Survivor,Ever Since the World Began,1982,https://open.spotify.com/track/6hQPR6kNQ98TdHGXjhK5As
SN-161,Steve Perry,What Was,1998,https://open.spotify.com/track/4vF6M1cvN91O8mDZLGT6Ak
SN-162,Steve Perry,I Stand Alone,1998,https://open.spotify.com/track/3fV2qCd3qBSKLUW76eFSEs
SN-163,Richard Marx,Right Here Waiting,1989,https://open.spotify.com/track/4LFwNJWoj74Yd71fIr1W8x
SN-164,Richard Marx,Hazard,1991,https://open.spotify.com/track/1ntKYuqLlmV3sTZoNyeHhM
SN-165,Magnum,Back In Your Arms Again - newly re-recorded,2016,https://open.spotify.com/track/1pmxlU6T8gS5fc8iKKZYez
SN-166,Einherjer,Ballad of the Swords,2016,https://open.spotify.com/track/5ZOoG8vUfF0BtKRkjgWlxs
SN-167,Nazareth,Move Me,2011,https://open.spotify.com/track/1pdGcWv2RNve1c1Eg7qA8G
SN-168,Rainbow,Street Of Dreams,1983,https://open.spotify.com/track/3f4SSKS7woXgnfHmQfSLoy
SN-169,Arven,Till Death Do Us Apart,2011,https://open.spotify.com/track/3sa3qTFWVoStORsACjrekF
SN-170,Steve Hackett,Love Song to a Vampire,2015,https://open.spotify.com/track/495DUaX9oOpWOPV5ZvkGW8
SN-171,John Wetton,Hold Me Now,2015,https://open.spotify.com/track/3uI5xc4zdDw89Sr1j7qMj0
SN-172,Von Groove,Once in a Lifetime - Remastered,1992,https://open.spotify.com/track/3po99Cqcf5MTBOOAGyTt3J
SN-173,Von Groove,Arriane - Remastered,1992,https://open.spotify.com/track/7oVbP9jSMrxagyBE8Aka1z
SN-174,Von Groove,Love Keeps Bringing Me Home - Remastered,1992,https://open.spotify.com/track/4w1SGfeZqMkKD4rVN0V4db
SN-175,Johnny Lima,Feel What It's Like to Be Loved,2015,https://open.spotify.com/track/0LCTBpnczSD99nibUnop4R
SN-176,Fish,Cliche,1990,https://open.spotify.com/track/53c4gcV0FBKxo9HHAxrK9s
SN-177,Green Carnation,Six Ribbons,2006,https://open.spotify.com/track/1TT4ZHhI5eWZwlLz6F9VcW
SN-178,King King,Rush Hour - Live,2016,https://open.spotify.com/track/3lFKlJIJaKP8QrMZI2p1Pw
SN-179,King King,Jealousy - Live,2016,https://open.spotify.com/track/06wwlFmhJbYlHICGjJNh3z
SN-180,Lynyrd Skynyrd,Simple Man,1973,https://open.spotify.com/track/6kZFIsYCBeuH0f1zGk1UoM
SN-181,Lynyrd Skynyrd,Tuesday's Gone,1973,https://open.spotify.com/track/6cH0xQ4LTCUg4HIBQPUb84
SN-182,Orphaned Land,A Tree Without No Fruit - Sarah,2016,https://open.spotify.com/track/107gRtcUmnvky6Mok1XJOu
SN-183,Orphaned Land,Brother,2013,https://open.spotify.com/track/0c5hYD4v4BsOA478IzJlUr
SN-184,Helldorado,Johnny´s Song,2013,https://open.spotify.com/track/2mi9MjJiIQGVOeV20xY4zc
SN-185,The Pineapple Thief,No Man's Land,2016,https://open.spotify.com/track/13HqJNcwoVe9HhlEtkhU1y
SN-186,Antimatter,Epitaph,2015,https://open.spotify.com/track/1TPGMpD6ZtLaO5rvtqZ37t
SN-187,HIM,Gone With The Sin,1999,https://open.spotify.com/track/2mmdW1jGi9aV4vOuR50cH7
SN-188,HIM,In Joy And Sorrow,1999,https://open.spotify.com/track/1k7edDFV1jZSPCRakU0ykE
SN-189,Praying Mantis,Turn The Tide (Lonely Way Home),2009,https://open.spotify.com/track/5gorf2jG5uyOTTIZj4G9se
SN-190,Violet Janine,So Much More (feat. Tony Martin),2016,https://open.spotify.com/track/4sYDPmE5JkM22KYkIFdUKI
SN-191,Arena,How Did It Come to This?,2015,https://open.spotify.com/track/37sATnMqADzYq0phTcUD0t
SN-192,Axe,Battles,2012,https://open.spotify.com/track/6jmmHffM2pklSZY513QFXV
SN-193,Audrey Horne,Sail Away,2010,https://open.spotify.com/track/0joMeVnGhXNsW9R3uZ2S2p
SN-194,Blackfoot,Diary of a Workingman,1981,https://open.spotify.com/track/7lXMurZpViF32l1ZKqmHu4
SN-195,Stamina,Undergo (Black Moon Pt. 2),2017,https://open.spotify.com/track/2RbUV7PYXg9IYlwtgyt0vq
SN-196,Eclipse,Hurt,2017,https://open.spotify.com/track/0IRg5KA6jXtujXDpfdjy8g
SN-197,Unisonic,You And I,2014,https://open.spotify.com/track/6sYuoT4IdZuJoGnUZBtLco
SN-198,Serenity,Fairytales,2013,https://open.spotify.com/track/6R6dSijKXYDjndghK6XIbO
SN-199,Firewind,Lady of 1000 Sorrows,2017,https://open.spotify.com/track/5uGcQX3GefxKYH6Ax6zmb7
SN-200,Bad Company,Love Me Somebody - Remastered Version,1976,https://open.spotify.com/track/0I9OG88RGc2W8JxzZRq9HR
SN-201,Bad Company,Run with the Pack - Remastered Version,1976,https://open.spotify.com/track/24DKMCkLRkz3mEdnX5IWp5
SN-202,McAuley Schenker Group,Nightmare,1991,https://open.spotify.com/track/6oHSXBDcwGcDUNDYwmQCTh
SN-203,Kamelot,Season's End (Japanese Edition Bonus Track),2007,https://open.spotify.com/track/430jx1hmczF1vpCAY1IfbP
SN-204,Delain,See Me in Shadow - 2016 Remaster; Remastered,2016,https://open.spotify.com/track/0RS8xTRI2UJB5fPZnpvofC
SN-205,Masterplan,Dying Just to Live,2007,https://open.spotify.com/track/7DXMsMwlGfwwr0KGC2UPcO
SN-206,Tyketto,The Run,2016,https://open.spotify.com/track/4lCjhjpIaDOb8G3pAhPw8L
SN-207,Bloodbound,Brothers of War,2011,https://open.spotify.com/track/6AgdsUr37QuBiTSzKLHNRD
SN-208,The Poodles,Crying,2007,https://open.spotify.com/track/79zW6S3uV1aDG3oatsfriL
SN-209,Thunderstone,Spread My Wings,2002,https://open.spotify.com/track/7gnooeMALM2GGxrO9DIWuV
SN-210,Evergrey,Missing You,2014,https://open.spotify.com/track/4sk9Sk5GGfCygg9gxKrd2h
SN-211,Bonfire,Lonely Nights,2017,https://open.spotify.com/track/19emsiiOsNbDUg1FhD68RI
SN-212,Scorpions,The Best Is Yet to Come,2010,https://open.spotify.com/track/4Fw2KBPSaSoZgmqwtqrGIl
SN-213,Accept,Amamos La Vida,1993,https://open.spotify.com/track/67s5Cx8cn7iA5j3aJFkqnC
SN-214,Freedom Call,The Circle Of Life,2005,https://open.spotify.com/track/68ryOTASa7JN2HlTL9jVjG
SN-215,Axel Rudi Pell,Lost In Love,2017,https://open.spotify.com/track/2zrGy1ZAahtjBPxf3U0T7n
SN-216,Brother Firetribe,Two Hearts,2008,https://open.spotify.com/track/0HrFnKV6omekW4Ukk0260d
SN-217,Kansas,Refugee,2016,https://open.spotify.com/track/1uZFZTvPbjEXcoXNB0mG6y
SN-218,Antimatter,Leaving Eden,2007,https://open.spotify.com/track/4K9oooqCy1Opn6KEuqchlz
SN-219,Styx,Radio Silence,2017,https://open.spotify.com/track/2cRtJP1l0eUOeB2VOmzF26
SN-220,Liv Sin,The Beast Inside,2017,https://open.spotify.com/track/3RMKeVYc9grrV3aQ51ZLZZ
SN-221,Nickelback,Song On Fire,2017,https://open.spotify.com/track/1rAhIHCKCwRsxYMJePdR7E
SN-222,Ammunition,Road to Babylon,2014,https://open.spotify.com/track/7tkHBW9MZiBt1sa6CDwEOQ
SN-223,Great White,Love Is A Lie,1992,https://open.spotify.com/track/22rb3suWekuTn8o2KSkBRL
SN-224,Ammunition,Lighthouse - The Hit NRK,2014,https://open.spotify.com/track/4QPBGWMqgkJe6ySsdXCNm5
SN-225,Ammunition,Heart's Not in It,2014,https://open.spotify.com/track/5va5KGoisRR6Ybhj07VfIo
SN-226,Orphaned Land,As I Stare at the Ocean Alone (feat. Yehuda Poliker),2017,https://open.spotify.com/track/2NwkJwIPWIzyoXF4PGy0IL
SN-227,Steven Wilson,Pariah,2017,https://open.spotify.com/track/59RZI1EvQE9WtNjeWMbv1d
SN-228,XYZ,When I Find Love,1991,https://open.spotify.com/track/5jFJ4uD1C5IKc1zmLmp0TO
SN-229,Sebastian Bach,By Your Side,2007,https://open.spotify.com/track/5LK19eRCqoKuRSVuUEhEKh
SN-230,Snakecharmer,Fade Away,2017,https://open.spotify.com/track/5DJCB3UP3iZVdgIWdjUEsI
SN-231,Steve Perry,Forever Right Or Wrong (Love's Like A River),1998,https://open.spotify.com/track/07d4zYxF2PKbMHnOpfeKCK
SN-232,Confess,How Could I Let You Go,2017,https://open.spotify.com/track/598Q9q3WTayrBZM09zRibQ
SN-233,Confess,I Won't Die,2017,https://open.spotify.com/track/66B6T6GuitMn3U2M3Rmrf5
SN-234,Confess,Take Aim,2014,https://open.spotify.com/track/5qoYM8P8xqSY4cUdQeZQ5x
SN-235,Negative,About My Sorrow,2005,https://open.spotify.com/track/0LcTGMZXOlonNs30uUNa15
SN-236,Negative,A Song for the Broken Hearted,2006,https://open.spotify.com/track/0hYXgxDOGhXOJsAJO9dhF8
SN-237,Negative,Believe,2010,https://open.spotify.com/track/2vwHTA7wHRObdZIYRyMHND
SN-238,Negative,Jealous Sky,2010,https://open.spotify.com/track/7cEJ59ugy1GmP7G4bJgESg
SN-239,Negative,Neon Rain,2010,https://open.spotify.com/track/3kJeSRmSGTfmzQwz0eFXHP
SN-240,Journey,Little Girl,1980,https://open.spotify.com/track/4DEJkhYAhCTWfwlrMEfwNC
SN-241,Falconer,Long Gone By,2006,https://open.spotify.com/track/4dUBhhCkVDFNDkQlGH6uJw
SN-242,Jyrki 69,Spanish Steps,2017,https://open.spotify.com/track/6yQjBxRYBPWY4F0r6fQdsN
SN-243,Ideas,Hívj engem,2017,https://open.spotify.com/track/1jtUaBMCj5DCteWVu6zLMY
SN-244,Stone Sour,When the Fever Broke,2017,https://open.spotify.com/track/2RhlkFIAJwaGaGUhyBUre4
SN-245,Ten,Paragon,2017,https://open.spotify.com/track/4HpgIAOSpiYSuef4tEZz3u
SN-246,Minniva,While Your Lips Are Still Red,2017,https://open.spotify.com/track/1iPNOJyw3abU1PbqjwV3gY
SN-247,All 41,Don't Surrender (To Love),2017,https://open.spotify.com/track/20GQ0sAXt5rkvEtmUKdPkb
SN-248,Aynsley Lister,Won't Be Taken Down,2016,https://open.spotify.com/track/5s5hWAZii6ahuLEyVXG2L9
SN-249,Aynsley Lister,Troubled Soul (Intro) / Kalina,2016,https://open.spotify.com/track/2FqAMGJExCQyagoSb1tcmF
SN-250,RavenEye,Eternity,2016,https://open.spotify.com/track/0Wt6ND2kSQf8MiDE7I82kh
SN-251,Exit Eden,Incomplete,2017,https://open.spotify.com/track/4BRhj6ACG6zQLm6iLYhWaJ
SN-252,Lunatica,Farewell My Love,2009,https://open.spotify.com/track/75uGpdwxepgRftZSJR8oxS
SN-253,Accept,Can't Stand The Night,1981,https://open.spotify.com/track/5ipnH5GNLX0k4MD43LB9mB
SN-254,Anette Olzon,Lies,2014,https://open.spotify.com/track/7J1NLf8qUYpA6tyVNMKgRz
SN-255,Mad Season,Slip Away,1995,https://open.spotify.com/track/34jo30lPEqp6QvJe04NAFu
SN-256,Grave Digger,The Ballad Of Mary (Queen Of Scots) - Remastered Version,1996,https://open.spotify.com/track/1Y1UnVRXh4RDEr2PAreyQv
SN-257,REO Speedwagon,Silent Night,2009,https://open.spotify.com/track/1Llb540QLwUFiZRAJdRb91
SN-258,Stone Sour,St. Marie,2017,https://open.spotify.com/track/16815x8pHjZuPcpzzz4Bnn
SN-259,Kryptonite,Knowing Both of Us,2017,https://open.spotify.com/track/3Upmjl0eEM6lgb7JgQbOHQ
SN-260,Ashbury,Madman,1983,https://open.spotify.com/track/2MXKSemUCUwMGA44aAPk41
SN-261,Seether,Broken,2013,https://open.spotify.com/track/5lzXML8WVfoQeUvEVakaHx
SN-262,3 Doors Down,Here Without You,2002,https://open.spotify.com/track/3NLrRZoMF0Lx6zTlYqeIo4
SN-263,Pop Evil,Til Kingdom Come,2015,https://open.spotify.com/track/164EnZMFkzwI02U78jSzvW
SN-264,Sixx:A.M.,Maybe It's Time,2016,https://open.spotify.com/track/474cWGKmOKwDTmMUAAF6kj
SN-265,Volbeat,Our Loved Ones,2013,https://open.spotify.com/track/1Fekh45eTzyteap9YgmOr1
SN-266,Halestorm,Break In,2012,https://open.spotify.com/track/2ZqV1xehFhYryqzus2ksnj
SN-267,Orden Ogan,Take This Light,2011,https://open.spotify.com/track/6cCkDfhOOH3ZEc8G9ogu6m
SN-268,Black Label Society,Angel Of Mercy,2014,https://open.spotify.com/track/3iyi7ck0yOuFr769otcG7r
SN-269,Triddana,Spoke the Firefly,2017,https://open.spotify.com/track/5kRp5CPkIXP1yWdi4Etd6N
SN-270,Bobaflex,Hey You,2017,https://open.spotify.com/track/5vTbqzsow0vbgrCo7uV2OP
SN-271,Primal Fear,The Sky Is Burning,2016,https://open.spotify.com/track/3z9Ki7O6EitmosgzbJaNi7
SN-272,H.E.A.T,The One and Only,2012,https://open.spotify.com/track/6JS0uy8VtFz3NWasdzm2xz
SN-273,Mastodon,Cold Dark Place,2017,https://open.spotify.com/track/23CIAx7uGrtUH5CwRf3BC5
SN-274,Revolution Saints,I Wouldn't Change a Thing,2017,https://open.spotify.com/track/0TsPWevNKZuoH1RGS51Fhu
SN-275,Zach Slaughter,See You Around,2017,https://open.spotify.com/track/3SoG9zu7jW6FKos9rU5Hes
SN-276,Eternal Tears Of Sorrow,The River Flows Frozen,2001,https://open.spotify.com/track/3orX7EjW9C6tr1nHRfx6C2
SN-277,Eternal Tears Of Sorrow,Sound Of Silence,2013,https://open.spotify.com/track/2KKSdXISHUzU7G0WsNHZGT
SN-278,Éva Várszegi,Ezüst eso,1988,https://open.spotify.com/track/1M75SULU7FWiXeSMaWOQQv
SN-279,Thin Lizzy,Still In Love With You - Live / 1978,1978,https://open.spotify.com/track/27TqK0Mgf27799a9ldh4Pa
SN-280,Ismerős Arcok,Hajnal,2017,https://open.spotify.com/track/7ehyfpFfR2yfxjcjbbWJeU
SN-281,Cardiant,While the Ice Is Cold,2013,https://open.spotify.com/track/5YX5TtP5qg3LtnxUYC1VkF
SN-282,Hallatar,Pieces,2017,https://open.spotify.com/track/75862UNCBUDz7dqs2eekia
SN-283,Jessica Wolff,Saving Someone Else,2017,https://open.spotify.com/track/4lH9xwn7Oe1rDp4xoEiX9x
SN-284,Negative,I Dun Hate You,2017,https://open.spotify.com/track/7JvWlIG25JrUiw04ZWjPIp
SN-285,Ulf Nilsson,I Could Use A Friend,2013,https://open.spotify.com/track/4wrOImyA6nIB1SFpvPFV5V
SN-286,Queen,Drowse - Remastered 2011,1976,https://open.spotify.com/track/2OtyhHoGY0ICuBUNoz0dc9
SN-287,Queen,Teo Torriatte (Let Us Cling Together) - Remastered 2011,1976,https://open.spotify.com/track/5q5XCOU7WcoGPYhGhUFenu
SN-288,Revolution Saints,I Wouldn't Change a Thing,2017,https://open.spotify.com/track/4XPvOefDr8DWepu91vw123
SN-289,Shakra,Open Water,2017,https://open.spotify.com/track/0oSWtS8XpR7MdLzIbc2hM7
SN-290,Scorpions,Follow Your Heart,2017,https://open.spotify.com/track/1EJZQ6uhrvl4JtoKn7RKFd
SN-291,Geordie,"House of the Rising Sun (From ""Hangman"")",2017,https://open.spotify.com/track/2JEXDKSq7q9fEfPWfJYgqx
SN-292,Beast In Black,Ghost in the Rain,2017,https://open.spotify.com/track/7fLpCHaT3eu6yg5y6x3t00
SN-293,Battle Beast,Angel Cry,2015,https://open.spotify.com/track/68xGqH9cnUeEtkMoIgVzl6
SN-294,Jeff Scott Soto,Song for Joey,2017,https://open.spotify.com/track/6e4SJr0q2sEXIlXoIfSNzx
SN-295,Cardiant,Shooting Star,2017,https://open.spotify.com/track/1bHIaNF1YRuGA9jaspa9a8
SN-296,Mono Inc.,Potter's Field,2017,https://open.spotify.com/track/32FrZlVRCpPn7WhPWjl2Ue
SN-297,Mono Inc.,Teach Me To Love,2017,https://open.spotify.com/track/0rJiQGGC11x4TFNKbyv3ua
SN-298,Mono Inc.,In My Darkest Hours,2017,https://open.spotify.com/track/08DThpcRQ9wGci2xH2Hnx5
SN-299,Wildness,The Flame,2017,https://open.spotify.com/track/0Z6XmyeVBqNkjf2FXG4pPn
SN-300,Freedom Call,Cradle Of Angels,2016,https://open.spotify.com/track/75qT44djUmmiTEemNeLOhA
SN-301,Antimatter,Comrades,2015,https://open.spotify.com/track/2k8rDBqnxosMwZzdVDXmRK
SN-302,Rudán Joe,Hol van a szó,2016,https://open.spotify.com/track/4zCiqbT786pXk07pNCGs2Q
SN-303,Rudán Joe,Én ez vagyok,2016,https://open.spotify.com/track/4iyFNae6myIAfLRUvfKOQa
SN-304,Stone Broken,Wait For You,2017,https://open.spotify.com/track/4qXrm9e5eetfvoz4vMok1t
SN-305,Pain of Salvation,Silent Gold,2017,https://open.spotify.com/track/3rnnYsV5nF9o4d6ZdVfndK
SN-306,The Last Vegas,Apologize,2009,https://open.spotify.com/track/5CiLtzR9gTnsRBkunsPSJB
SN-307,Indigenous,Hear My Voice,2017,https://open.spotify.com/track/7KepkoAZDBRo1B4d0tBmEa
SN-308,Thomas Løseth,Say Something,2017,https://open.spotify.com/track/45cejrJnIB3hb2w3rBeuW2
SN-309,Jono,No Return,2017,https://open.spotify.com/track/59lAkFonjzxXcVwKAjq3OW
SN-310,Jono,To Be Near You,2017,https://open.spotify.com/track/6vsc7xAIpxeIvFsJewf7p1
SN-311,Kamelot,Under Grey Skies,2015,https://open.spotify.com/track/4TgOTruohvUz3Z6iONS371
SN-312,Almanac,Last Farewell,2017,https://open.spotify.com/track/2xG41hoaBDVEogW5yvNcyU
SN-313,Orphaned Land,Poets of Prophetic Messianism,2018,https://open.spotify.com/track/3Tp1GxbefVN6TfHCWEuf16
SN-314,Ammunition,Road to Babylon,2014,https://open.spotify.com/track/2k3s90Y2sbfqmZlF8tciDo
SN-315,The Poodles,Soldiers of Fortune - Bonus Track,2018,https://open.spotify.com/track/2XfMxUcHQlL67hJ4az3GFp
SN-316,Kayak,To an End,2018,https://open.spotify.com/track/5j08RmFImi68GtxzDqNmtw
SN-317,Animal Drive,Father,2018,https://open.spotify.com/track/14zJ9n0oVrSoVgiKKQv4wf
SN-318,Surrender The Crown,Next Few Steps,2018,https://open.spotify.com/track/7COckD9f4ENaOuJbhv33cE
SN-319,Danny Bryant,Guntown,2014,https://open.spotify.com/track/4hAVqfQgQ0cRRyPlXfxITC
SN-320,W.E.T.,Heart is on the Line,2018,https://open.spotify.com/track/4atkeWW2wJeueyop3fdFVA
SN-321,Airtrain,Road to the Sky,2015,https://open.spotify.com/track/3ovJ2AkCiH6hIFjx0QsMa2
SN-322,Ken Hensley,I Did It All,2018,https://open.spotify.com/track/7CZ2LP6U7sHyGEToaHsyKB
SN-323,Slears,Ocean Eyes,2018,https://open.spotify.com/track/2U0F9o5cQP4n3dYNqgv556
SN-324,Bonfire,Comin' Home,2018,https://open.spotify.com/track/00HALDPfKuAXcXhnIcreZj
SN-325,Wildnite,Days of No Trust,2018,https://open.spotify.com/track/4AnFHUFJq31Y1DSrBumy3a
SN-326,Saffire,Fortress,2018,https://open.spotify.com/track/2UiHDC0K65XweE3hdOrtWk
SN-327,Saffire,Rise Up Again,2016,https://open.spotify.com/track/2islJucMydEx0QAuS1yUMy
SN-328,Primal Fear,Fighting the Darkness (Extended Version),2017,https://open.spotify.com/track/6vA4IUSaExURcvsOHuwp87
SN-329,Dynazty,Far Away,2009,https://open.spotify.com/track/1JC7SXlHDr5JGeVLdT3YTS
SN-330,Dynazty,Incarnation - Acoustic,2014,https://open.spotify.com/track/0reOlHq69hnCNiHskOoDAT
SN-331,Tom Keifer,Nobody's Fool - Duet Version,2017,https://open.spotify.com/track/1mJVRXYrbZ0CVRt75d0LBP
SN-332,Heartwind,One Night Away from You,2018,https://open.spotify.com/track/6TnG53QBVDQYGRKAm5wXLt
SN-333,Lords of Black,Tears of the Dragon - Bonus Track,2018,https://open.spotify.com/track/3308xsh1YJLQmdPQyvRMXA
SN-334,Tommy Shaw,Ever Since the World Began,1987,https://open.spotify.com/track/2ZwJYZSzaWc5V5V5V5FUuE
SN-335,Blessed Hellride,The Scavanger,2018,https://open.spotify.com/track/4a6G4eEasCmFR5TzwgOp0E
SN-336,Revolution Road,Ain't Gonna Give My Heart Away,2013,https://open.spotify.com/track/0k3lSDDZETPXvnPBQ3NMlS
SN-337,Supercharger,Forsaken Sin,2018,https://open.spotify.com/track/4hBrpFz5CotBY4uIRa5Hxr
SN-338,Candlemass,Fortuneteller,2018,https://open.spotify.com/track/5EfQ56dBRv88l5F0N5tSt2
SN-339,Hartmann,Heart of Gold,2018,https://open.spotify.com/track/48jG5DsS1pDoKEvPHqlm0S
SN-340,Revolution Renaissance,Keep The Flame Alive,2008,https://open.spotify.com/track/6hZJUXYBfDVV1EI11UtQUT
SN-341,Revolution Renaissance,Frozen Winter Heart,2010,https://open.spotify.com/track/3lQsPmh2luhF64A8vFrnVx
SN-342,Mono Inc.,A Vagabond's Life,2018,https://open.spotify.com/track/5bfoDFqAQ9qYtxoEDdDYCa
SN-343,W.E.T.,Heart is on the Line,2018,https://open.spotify.com/track/4atkeWW2wJeueyop3fdFVA
SN-344,CoreLeoni,All I Care For,2018,https://open.spotify.com/track/56BHOq1OyiGveL8tAIapd2
SN-345,Fates Warning,"A Pleasant Shade of Gray, Pt. IX - Live 2018",2018,https://open.spotify.com/track/5NBV883IDAsgjTJtYF0cS5
SN-346,Thunder,Love Walked In,1990,https://open.spotify.com/track/71D2G19A2i5BYgTC31p23j
SN-347,Black Paisley,Coming Home,2017,https://open.spotify.com/track/0pkhMGoc3muEWRz0i4Dgti
SN-348,Borealis,Scarlet Angel,2018,https://open.spotify.com/track/1hXmVzEaQ1dz4thdl14eW7
SN-349,Borealis,The Journey (Prologue) [Bonus Track],2017,https://open.spotify.com/track/6LXLJo3pf2tNrPYuyqDFH6
SN-350,Borealis,Divine Answer - Re-Recorded,2017,https://open.spotify.com/track/7xYG2dgIi9Q99p6qS0GKWI
SN-351,Ghost,Pro Memoria,2018,https://open.spotify.com/track/2NVUiFUBLQ1kSDdvj1Yc3m
SN-352,Kissin' Dynamite,Heart of Stone,2018,https://open.spotify.com/track/03s6wk789xJrZ2IKVap7Qj
SN-353,Doro,Lift Me Up,2018,https://open.spotify.com/track/0jTnB44Fei6N9e60gIiwHH
SN-354,Gioeli - Castronovo,It's All About You,2018,https://open.spotify.com/track/4BdBrilMxUDOcImTUDwfki
SN-355,Dion Bayman,Into My Arms,2014,https://open.spotify.com/track/25jTDqKJEqL8lCivqc79bl
SN-356,Royal Hunt,Age Gone Wild,1992,https://open.spotify.com/track/2UqxZWSHIAMCkSIJSq8MfY
SN-357,Primal Fear,Supernova,2018,https://open.spotify.com/track/4GuyQWu5gv3oYBY95aqegH
SN-358,Primal Fear,My War is Over - Bonus Track,2018,https://open.spotify.com/track/0CWJ1ChoVrBDXUk73vFXBl
SN-359,Groundbreaker,Something Worth Fighting For,2018,https://open.spotify.com/track/3MuOJIqMrsIkhWv62yg0zg
SN-360,Cryonic Temple,Swansong of the Last Emperor,2018,https://open.spotify.com/track/2jURGAiQqzZqu34qwLuFOd
SN-361,Ashbury,Hard Fight,1983,https://open.spotify.com/track/4pe6YiRFqUympUSr2MOWyB
SN-362,Nitrate,Breathe,2018,https://open.spotify.com/track/6MuSdivgCufohGTSePvW7G
SN-363,Junkyard Drive,Through the Door,2018,https://open.spotify.com/track/72o24icnZhmY8qUszjuwrx
SN-364,Junkyard Drive,Geordie,2017,https://open.spotify.com/track/4FEyI0dScMUpxCdv7XBrPW
SN-365,Stone Sour,When the Fever Broke,2018,https://open.spotify.com/track/5cIUvh3C4WHGXJqmjuXL3U
SN-366,Axxis,The Fire Still Burns,2015,https://open.spotify.com/track/4k4QNsTOYmPz0gsfDKwJ1D
SN-367,Riverside,River Down Below - Radio Edit,2018,https://open.spotify.com/track/3xldtjiFW3HCODydrN1apv
SN-368,Jonathan Cain,Back to the Innocence,2018,https://open.spotify.com/track/3EPQg6zF2l4XDHJaInpl18
SN-369,Fifth Angel,Can You Hear Me,2018,https://open.spotify.com/track/0stDZdAb9KqhwDgawibf5O
SN-370,Joe Bonamassa,Self-Inflicted Wounds,2018,https://open.spotify.com/track/0r61QhigETeOXpl03u1nSV
SN-371,Mob Rules,My Sobriety Mind (For Those Who Left),2018,https://open.spotify.com/track/3aNze2KUwINAKhxuHmYxPs
SN-372,Tony Mitchell,Stone by Stone,2018,https://open.spotify.com/track/2sGr8dP4dadKrDBTG37KCR
SN-373,Excalion,Delta Sunrise,2007,https://open.spotify.com/track/4WWnCOvx7aN5zLEgr9F6z9
SN-374,Excalion,The Firmament,2017,https://open.spotify.com/track/4wxe7pe6srNhwoJenfAIAV
SN-375,U.D.O.,The Way,2018,https://open.spotify.com/track/1NabCgQC9NWJlWUr4QwwIn
SN-376,Black Paisley,Sometimes,2018,https://open.spotify.com/track/0EIkWajlhAP7J1RLJWFDZf
SN-377,Black Paisley,Stronger,2018,https://open.spotify.com/track/61vY9lqyGqthUhG2U86wRU
SN-378,Black Paisley,Autumn,2017,https://open.spotify.com/track/77IwdMwvXMxl1Ky3khaHYO
SN-379,Treat,Tomorrow Never Comes,2018,https://open.spotify.com/track/6fHHgZYRrb6lda6NW5Guz8
SN-380,The Unity,The Willow Tree,2018,https://open.spotify.com/track/4L4jzy3pJZxif402fmY932
SN-381,Steve Perry,You Belong To Me,2018,https://open.spotify.com/track/1jy1mvF7tA0WET69Ps4FWb
SN-382,Muse,Aftermath,2015,https://open.spotify.com/track/2z1D4PqjWYEsXeXxE6euQ2
SN-383,Outloud,Share My Dreams,2018,https://open.spotify.com/track/5tjObdy1TRM2w3ako2mGIn
SN-384,Maxxwell,Scars,2018,https://open.spotify.com/track/1yJBsTfExmHf3WFjxTlYUs
SN-385,Maxxwell,Never Let You Go,2014,https://open.spotify.com/track/5SrBdgjKvU7k9LRApmM01C
SN-386,Maxxwell,Tomorrow,2009,https://open.spotify.com/track/48jUY0uTv8ayD4nHIrVgPz
SN-387,Anneke van Giersbergen,To Catch A Thief (feat. John Wetton),2009,https://open.spotify.com/track/6liwm1vufQJbdGr5duFAaX
SN-388,Anneke van Giersbergen,Day After Yesterday (feat. Marike Jager),2009,https://open.spotify.com/track/2hCHPNA9E09vzyl0gu9PJZ
SN-389,Code Red,Like I Remember You,2017,https://open.spotify.com/track/5HjclOdxWxvAxbUdkeWv4m
SN-390,That Rock Guy,Never Gonna Say Goodbye,2017,https://open.spotify.com/track/1gT5XPvuSRYrqITnBnFZDg
SN-391,That Rock Guy,Without You,2017,https://open.spotify.com/track/0MyNpUKZlyayblU0ziXKzq
SN-392,DeVicious,A Night to Remember,2018,https://open.spotify.com/track/7BjBveJUapOgsQrPSp6Uzx
SN-393,DeVicious,The Silence,2018,https://open.spotify.com/track/4cDjqFyRb6EdMDcVAZkTaM
SN-394,Station,Waiting for You,2015,https://open.spotify.com/track/2ihre9MNlNTlVNkXg8CL3O
SN-395,Imperium,80's Love Song (A.K.A. Angel Eyes),2016,https://open.spotify.com/track/1IvN6ipT2cFWw26DEv2PPB
SN-396,Arion,Through Your Falling Tears,2018,https://open.spotify.com/track/3wE8alshkZxpAC65KviPN6
SN-397,Arion,Last One Falls,2018,https://open.spotify.com/track/0npW4ifuRhHjZwfcdnhnbZ
SN-398,Heaven & Earth,Lo Que Es El Amor,2018,https://open.spotify.com/track/6dAg5Gr3k2ORJ3V4FxVIZI
SN-399,The December People,Silent Night,2001,https://open.spotify.com/track/3ryUrriY1FEaomeqrr8pue
SN-400,Gotthard,What I Wouldn't Give - Acoustic Version,2018,https://open.spotify.com/track/4xGLdXScDtIdAowaPW9Dxb
SN-401,Alien,Imagine,2018,https://open.spotify.com/track/2XhsjF4kV4UxQUurrnCEcR
SN-402,Aldo Nova,Can't Stop Lovin' You 2.0,2018,https://open.spotify.com/track/5KiwOojqdAu9g8yWiCDkRt
SN-403,Muse,The Void (Acoustic),2018,https://open.spotify.com/track/5ZWVJkzUQlHaRtW5mgRrll
SN-404,Tony Mitchell,Beggars Gold,2018,https://open.spotify.com/track/1NKR5o9VinHPo6Zp7ruHKb
SN-405,Mägo de Oz,Epílogo (con Z) - Demo 2010,2018,https://open.spotify.com/track/7775aUD3gzFsuAyn2B7vBy
SN-406,Leah,Oblivion (Between Two Worlds),2018,https://open.spotify.com/track/0Mf1ejRrWqU82BtYHBRJe4
SN-407,Mark Knopfler,My Bacon Roll,2018,https://open.spotify.com/track/6iPklJBWZbOENNOsCPlfhh
SN-408,Black Swamp Water,The End,2018,https://open.spotify.com/track/0jWnrxRPePzrgxqEcMSbiU
SN-409,Black Swamp Water,You Disappear,2018,https://open.spotify.com/track/5XWmhEh96aJOnkYYkM1aJQ
SN-410,Bob Daisley and Friends,Nothing's the Same,2018,https://open.spotify.com/track/21QFwbarZGE5iwbTsYv2UJ
SN-411,Bob Daisley and Friends,The Loner,2018,https://open.spotify.com/track/7xgi3xr5Qz91LCTOS6zXSc
SN-412,Bob Daisley and Friends,Parisienne Walkways,2018,https://open.spotify.com/track/3FfknJWuSTbaXa1755v3cS
SN-413,Six Foot Six,Ephemeral,2018,https://open.spotify.com/track/2XDHHTkO3eRzTcHgeCc5sB
SN-414,Valhalore,Guardians of Time (Acoustic),2018,https://open.spotify.com/track/2PSA7jbi3BITUdie1OHAfD
SN-415,Marius Danielsen,Tower of Knowledge,2018,https://open.spotify.com/track/1cdBXUfhEujIREWow7EiLH
SN-416,Erika,"Death Defying Heart (feat. Fredrik Weileby, SPARZANZA)",2018,https://open.spotify.com/track/0LiDtkg54yIDYEK74ypL1E
SN-417,Erika,Us Fools,2016,https://open.spotify.com/track/3R6ivubfDIaMekEmDQifzm
SN-418,Marius Danielsen,Under the Silver Moon,2018,https://open.spotify.com/track/5SV2QYJZceNIsJGjESGwS6
SN-419,Marius Danielsen,Fallen Heroes,2015,https://open.spotify.com/track/1Xm9ixE9XC2GdVnhRDvdLJ
SN-420,Lazy Bonez,Return to Me,2013,https://open.spotify.com/track/1MopH2lk9lv9HkfctLUoCp
SN-421,Frozen Land,I Would,2018,https://open.spotify.com/track/5wdmq02qN8swyCkRIDE8RB
SN-422,Godsmack,Under Your Scars,2018,https://open.spotify.com/track/60SjEdocmsrAk4hQUu7qZi
SN-423,Borealis,The Devil's Hand,2018,https://open.spotify.com/track/3g4kMIjl8JSUEw3Un5Wq69
SN-424,Soen,Lotus,2019,https://open.spotify.com/track/3aUXwNbiCZRkuA0p2Ic79Y
SN-425,Erika,Death Defying Heart,2018,https://open.spotify.com/track/6oL47YD7FCrAuJE7QdMYhf
SN-426,Reece,Forest Through the Trees,2018,https://open.spotify.com/track/0eEuQsiN0qF10xAKHes1oJ
SN-427,Beast In Black,Die By The Blade,2019,https://open.spotify.com/track/53h1ZSLWi8hVWF9DWKNXVh
SN-428,Lazy Bonez,Forever Young,2019,https://open.spotify.com/track/1KAIOkrOVTiyMmRaOkj1HT
SN-429,Swallow The Sun,Never Left,2019,https://open.spotify.com/track/7jEZayw9VRu74sUsKDx0L7
SN-430,Inglorious,Glory Days,2019,https://open.spotify.com/track/4c0u6szpKu5iJtxsSqma2X
SN-431,Stratovarius,Last Shore,2018,https://open.spotify.com/track/2oyspfN3J6nvK3bkPXspqm
SN-432,John Diva & the Rockets of Love,Just a Night Away,2019,https://open.spotify.com/track/0JTLIe0sA668jMR9SuSt0G
SN-433,Amorphis,Her Alone - Live at Huvila,2017,https://open.spotify.com/track/1qS1xJHHCEPbXIjliMpNhM
SN-434,Candlemass,Bridge of the Blind,2019,https://open.spotify.com/track/3ck1PX7482HW0h0Y4Fzdpt
SN-435,In Flames,Stay with Me,2019,https://open.spotify.com/track/6G7KraD6OUZ8lSMfgjiPr5
SN-436,Mike Tramp,Homesick,2019,https://open.spotify.com/track/2cbKkHZVQaw0Qk7F5cFI1R
SN-437,Athanasia,White Horse,2019,https://open.spotify.com/track/1GfjtTzzAtE4nfjysO9ApS
SN-438,Tesla,We Can Rule The World,2019,https://open.spotify.com/track/1bbwe8n4W6ydLjBivtFuAs
SN-439,Ossian,Gyönyörű Bolond,2019,https://open.spotify.com/track/62DGS7g8VdNTqRM2wFmuFV
SN-440,Hardline,Page of Your Life,2019,https://open.spotify.com/track/186JQMPnUk4ymd8x5leLdb
SN-441,Hardline,Human Nature,2016,https://open.spotify.com/track/4O5BQEBbblugKuorHwJ1L7
SN-442,Hardline,Take You Home,2016,https://open.spotify.com/track/1HRewfbyVT6yHBR1aAW24j
SN-443,TOTO,While My Guitar Gently Weeps - Live,2018,https://open.spotify.com/track/6F8k7ywMMHcFy0pWyliv3T
SN-444,Violet Janine,Everyday is a Fight,2019,https://open.spotify.com/track/3cDGoy1Bpbaw9o32Okq0Jb
SN-445,Veonity,Lament,2018,https://open.spotify.com/track/3ZslxP0qn1HR0KAnqAmjQZ
SN-446,Ten,Soliloquy - the Loneliest Place in the World,2019,https://open.spotify.com/track/1Hy2Oizyg2BqUtq2NjRG2Y
SN-447,Richard Marx,Right Here Waiting,2019,https://open.spotify.com/track/4mern0Uo1bqqhwTcUjeG7D
SN-448,Dominoe,All about love,2008,https://open.spotify.com/track/4EngzE1YWYrkuGMxddabSk
SN-449,REXORIA,Song by the Angels,2018,https://open.spotify.com/track/6trz41MlYlgaxN1UgnnKiL
SN-450,Kenny Wayne Shepherd,Lay It On Down,2017,https://open.spotify.com/track/1b4xbVwah9zKrAOOLxQz1k
SN-451,Kenny Wayne Shepherd,Hard Lesson Learned,2017,https://open.spotify.com/track/0FmHM04CLNgmvLeFxe5fQH
SN-452,Journey,After All These Years,2008,https://open.spotify.com/track/5chj8uuGpvkCIG4x3VMAtG
SN-453,Gathering Of Kings,Passing Rain,2019,https://open.spotify.com/track/2oxqYzm3rpargSEZgH3ZwK
SN-454,Timo Tolkki’s Avalon,Godsend,2019,https://open.spotify.com/track/3MeD2zFvTJ7Z0Jf7SrLGRe
SN-455,Crazy Lixx,Love Don't Live Here Anymore,2019,https://open.spotify.com/track/6khPkbAhKPTmqoUIK2iV5v
SN-456,Sum 41,Never There,2019,https://open.spotify.com/track/37tP6sOikkXBn0uvIhTNnr
SN-457,Nitrate,In the Night,2019,https://open.spotify.com/track/1y1JNl8lYFaFNdseP349j7
SN-458,Wheels Of Fire,For You,2019,https://open.spotify.com/track/3u9cgkyjMksVpboILPH6ZV
SN-459,Wheels Of Fire,Call My Name,2019,https://open.spotify.com/track/7AWNpNG75inWdkPCaBzuNA
SN-460,Bai Bang,Only the Best Die Young,2019,https://open.spotify.com/track/0ISV5yTvWBhVyxRga8vQqb
SN-461,Bai Bang,Little Child,2019,https://open.spotify.com/track/4lqjRN8VS7lk4XXR0y7u0E
SN-462,Bloody Hammers,"Condemned, The Prisoner",2019,https://open.spotify.com/track/5JAAPWm9pVeAKsTW5blWCV
SN-463,Paul Rodgers,All I Want Is You,1997,https://open.spotify.com/track/0gCelw6g51RiTzP2EOyR8I
SN-464,Hollow Haze,Eyes of the Sphinx,2015,https://open.spotify.com/track/5222KfGnFNapmPUCAIJMXl
SN-465,Lunar Shadow,Gone Astray,2017,https://open.spotify.com/track/0yiPJLczXQJ0VyLDSc5P5b
SN-466,Cerberus,Forever,2019,https://open.spotify.com/track/6PFKhjppdC2GwRo3h9nOmI
SN-467,Mystery,How Do You Feel ?,2018,https://open.spotify.com/track/2ZFXKyphQCbqlIc98LxGTt
SN-468,Mystery,Lonely Heart,2018,https://open.spotify.com/track/2VnhjMRAaG1x3xkopiA5pu
SN-469,Mystery,The Inner Journey Part 1,2018,https://open.spotify.com/track/39hy7I9SYkCeBkaQ6QIV5k
SN-470,Degreed,Blue Virgin Isles,2019,https://open.spotify.com/track/44eZcMGQbsUaX0312AdVjr
SN-471,Vanden Plas,Shape of My Heart - Bonus Treasures,2019,https://open.spotify.com/track/6R6JCOURFi2qyJIo76JTem
SN-472,NorthTale,Way of the Light,2019,https://open.spotify.com/track/4dPgVx240ryLtb7jESYfan
SN-473,The New Roses,Fight You Leaving Me,2017,https://open.spotify.com/track/0wVzs13Y0qExK2ZVFZ0ix2
SN-474,Soleil Moon,Nothing Matters,2019,https://open.spotify.com/track/6SpkkkLF0AtqXZ9EpacjrJ
SN-475,Skyline,When the Last Note Is Fading,2019,https://open.spotify.com/track/50R1Mru1rfeGh4w5w2Zg40
SN-476,Virgin Steele,The Spirit of Steele - Acoustic Version,2018,https://open.spotify.com/track/3MTkIP0flnqL3jwWFHJbFc
SN-477,Scarlet Rebels,Blinded by the Pain,2019,https://open.spotify.com/track/7Ba5NSqIpT9sCMuitV1ULL
SN-478,Restless Spirits,Nothing I Could Give to You,2019,https://open.spotify.com/track/24V8Hw41I8HAlA3cNKikmc
SN-479,Restless Spirits,When It Comes to You,2019,https://open.spotify.com/track/01MgJhD7OMNyEafb4syqK0
SN-480,Soleil Moon,Ohio,2000,https://open.spotify.com/track/6JZHOfO1D7uPImQu0zqoiD
SN-481,Thunder,Loser - 2019 Version,2019,https://open.spotify.com/track/3m1lBBiqp8lGNflfWvZ4J1
SN-482,Black Star Riders,Why Do You Love Your Guns?,2019,https://open.spotify.com/track/0JEqXsbLnXg7oz3FrybzWv
SN-483,Leverage,When We Were Young,2019,https://open.spotify.com/track/1QluysQ0PLhmHQOSH10MYb
SN-484,CoreLeoni,Angel,2019,https://open.spotify.com/track/6X8MbDVwwaktZLgfIBQiVr
SN-485,Beth Hart,Let It Grow,2019,https://open.spotify.com/track/7hALeyzWE3u6nFui8wXZQP
SN-486,The New Strange,Into the Night,2019,https://open.spotify.com/track/3B5B1EQvLRixbo3QbzZxKj
SN-487,Opeth,Lovelorn Crime,2019,https://open.spotify.com/track/2b35Y0rnWemisN5jkldrvs
SN-488,Excalion,I Left My Heart at Home,2019,https://open.spotify.com/track/6wA7wO3H3GWXSm8CDyuJlk
SN-489,Black Paisley,Without You,2018,https://open.spotify.com/track/2iw4juyaOhRU9TB8w6izwV
SN-490,Paco Ventura,Genzai,2019,https://open.spotify.com/track/6I0fJ7OLDieNofDaXwycxh
SN-491,MajorVoice,Out of Time,2019,https://open.spotify.com/track/7gupahcsOnqcRuHUTNnAsH
SN-492,MajorVoice,This Lonely Ark,2019,https://open.spotify.com/track/75qhbL1xZ701NYV4Am6WKO
SN-493,Ákos,Felemel,2019,https://open.spotify.com/track/0GvLVL60LhynbP7vQOCQZe
SN-494,Michael Sweet,Let It Be Love,2019,https://open.spotify.com/track/3kiAs1Ofath4oLrbR26dUP
SN-495,Pretty Wild,Thanks to You,2019,https://open.spotify.com/track/7gs00QS2CBFLYpgPEIs1pX
SN-496,Pretty Wild,All I Want,2014,https://open.spotify.com/track/4qxSHQYq4gRCtwn2nONI6Y
SN-497,Sparzanza,Into the Unknown,2016,https://open.spotify.com/track/355H2fU8rkQF0gpLdSf7f9
SN-498,Sparzanza,Black Heart,2016,https://open.spotify.com/track/2AnXnGVceM1kIAWOC0UoXg
SN-499,Sparzanza,As I Go Away,2014,https://open.spotify.com/track/0lMjXxnSOKf8Z26BdZFcHM
SN-500,Dan McCafferty,Why,2019,https://open.spotify.com/track/0bMCvOPHhs9W37TISBljeK
SN-501,Dan McCafferty,Mafia,2019,https://open.spotify.com/track/6jTSPKBfx6mQxqyZcXU1ht
SN-502,Killer Bee,I Believe,2014,https://open.spotify.com/track/0mRYhhXs0Y8chcSkMmZsST
SN-503,REXORIA,Endless Nights,2019,https://open.spotify.com/track/3L8b8oHrSqiwEiaIQH2TBb
SN-504,Phil Campbell,Dead Roses,2019,https://open.spotify.com/track/5DzCzCobHT0dSEFJ7DB4Mt
SN-505,Statement,In This Moment,2019,https://open.spotify.com/track/1QTE0WN5F4Nt78ZB3xk3wr
SN-506,Statement,Dad (Dikke),2014,https://open.spotify.com/track/0F4lkpfeXWaduelOe4sV1l
SN-507,Statement,Crawling,2014,https://open.spotify.com/track/7odJSW7JYSEX6MztgbUBHl
SN-508,Pretty Maids,Strength of a Rose,2019,https://open.spotify.com/track/7gjoOhVYQUtf9Vno8wyPLS
SN-509,Statement,Benefit My Time,2016,https://open.spotify.com/track/5u2WsE6QlcOLI16U3sscwJ
SN-510,Statement,To Be a Man,2014,https://open.spotify.com/track/4agTbIJ80RPVA9C8TVor2c
SN-511,Bombus,It's All Over,2019,https://open.spotify.com/track/4YjWj63Cu2lRglo6Bc3N3Z
SN-512,Bruce Springsteen,Chasin' Wild Horses - Film Version,2019,https://open.spotify.com/track/05eKAYwnkIOJIwcZSJSzRs
SN-513,Santa Cruz,I Want You to Mean It,2019,https://open.spotify.com/track/3bhfhwui7QjOCr9Kra2UlW
SN-514,Avatarium,Lay Me Down,2019,https://open.spotify.com/track/4zcuCuaCVyH31fuJtURRU8
SN-515,Mustasch,Before A Grave,2019,https://open.spotify.com/track/4rEJqbkt9XDu1ztlj6tnxU
SN-516,Grand Slam,Long Road,2019,https://open.spotify.com/track/5z1iT21WtH61SztcEaeFta
SN-517,Degreed,Blue Virgin Isles,2019,https://open.spotify.com/track/3EineU5rWekK4ehQK2rviO
SN-518,Suzi Quatro,Heart on the Line,2019,https://open.spotify.com/track/3gPd4LFw895kFRN6ZpRlNm
SN-519,HammerFall,Second To One,2019,https://open.spotify.com/track/3tLPi0v46bd6RihPHg8gS2
SN-520,Art Nation,The Cure,2019,https://open.spotify.com/track/0zOuuSYYH4IsHlZUacLdSu
SN-521,Demons & Wizards,Wicked Witch - Remaster 2019,2019,https://open.spotify.com/track/3H7DbL0DocayICGmOmc2bD
SN-522,Battle Beast,I Wish,2019,https://open.spotify.com/track/0VYtXUFHT3xqsZeWSb8Gxa
SN-523,Battle Beast,Bent and Broken,2019,https://open.spotify.com/track/4CePy0DNrVBervaHdlnSTZ
SN-524,Skagarack,Be with You Forever,2020,https://open.spotify.com/track/48v4VNeCwM978bpVJgqAJu
SN-525,Rush,The Garden,2012,https://open.spotify.com/track/6CRNYiqBld7XK4plDLk3lL
SN-526,Mono Inc.,Warriors,2020,https://open.spotify.com/track/1PfTkz4UH3GX117P2gC6Pm
SN-527,Danny Bryant,Yours for a Song,2018,https://open.spotify.com/track/5XUjZProdtEou4IN3BNyqd
SN-528,U.D.O.,Tears of a Clown,2007,https://open.spotify.com/track/2MQZuvZ3uw6eHLK0jhMg9a
SN-529,Dover,Angelus,1995,https://open.spotify.com/track/7G2Zd5kLXZUxdTXFovKxqH
SN-530,Audrey Horne,Sail Away - Live,2020,https://open.spotify.com/track/3K006r9PGsgS0EvDqifuSS
SN-531,Empyre,Homegrown,2019,https://open.spotify.com/track/3lbrKj5uhCutES2gRlmMhh
SN-532,Judas Priest,Before the Dawn,1979,https://open.spotify.com/track/29KPwkhfGpRkrL57TmFbDE
SN-533,H.E.A.T,Nothing to Say,2020,https://open.spotify.com/track/4dytyKx1bJSF559HmZC9is
SN-534,Melodramatic Fools,Ben,2020,https://open.spotify.com/track/6KE2nQj3Uv0bCDjzZybfFw
SN-535,Silverthorne,Black River Rising,2020,https://open.spotify.com/track/2NPMC8b2DYWGYe9J115lTF
SN-536,Stagman,En Kärlekshistoria,2018,https://open.spotify.com/track/1CDx5keO2FE4fdYh89iQIr
SN-537,D-A-D,A Drug for the Heart,2019,https://open.spotify.com/track/6u9IZSVJPON1lH5CucUZKT
SN-538,Shakra,New Tomorrow,2020,https://open.spotify.com/track/0cPnNDylQ6LKYcDtxpkqPz
SN-539,Waiting For Monday,Shattered Lives,2020,https://open.spotify.com/track/4jhVw3Uic7p4HmUFruH3qy
SN-540,FIGHTER V,Save Your Love for Me,2019,https://open.spotify.com/track/43Pn3GA6xcxyLLAyRSqH9n
SN-541,Soen,River,2019,https://open.spotify.com/track/5pl5yundPiXDINnTGwBQmX
SN-542,Soen,Lotus,2019,https://open.spotify.com/track/6lThiyFluc0jY2O8SYg3II
SN-543,Erika,Death Defying Heart,2020,https://open.spotify.com/track/3a7nkqgXGasIwjnnJV0Z2C
SN-544,Harem Scarem,No Me Without You,2020,https://open.spotify.com/track/0Dka5uwv1tVD5EasbGvonZ
SN-545,Dare,Emerald,2019,https://open.spotify.com/track/740B8vozVbFn9CG84rEcLy
SN-546,Gotthard,Marry You,2020,https://open.spotify.com/track/46mKiKcCJDYnxLcyhpp4Qc
SN-547,Khymera,Father to Son,2020,https://open.spotify.com/track/6MhlYUPIvZoUcW51z8GU4I
SN-548,Bonfire,When an Old Man Cries,2020,https://open.spotify.com/track/54q8z8KDesU2fS0FXjZAbB
SN-549,Serious Black,Come Home,2020,https://open.spotify.com/track/2PXqdAns8SlRMHP9kdu7Si
SN-550,Serious Black,As Daylight Breaks,2015,https://open.spotify.com/track/3mP84svMijgNbHpO7xuxLo
SN-551,Wolfpakk,A Mystery,2020,https://open.spotify.com/track/3p0r5uua4nuMzxmdXrLBGK
SN-552,Seventh Wonder,BEYOND TODAY (FAREWELL PT. 3),2018,https://open.spotify.com/track/1RmaVPQErZzKq7LjEyoMhu
SN-553,Tombstone,Blood Diamond,2019,https://open.spotify.com/track/48SshqgtgmBYLhVaAV84QK
SN-554,Tombstone,Sea of Rock 'n' Roll,2019,https://open.spotify.com/track/1e2dkvh0AtMtTQWvkF31GD
SN-555,Hot Chocolate,Put Your Love In Me,2019,https://open.spotify.com/track/72BpTvRtRFs8wnS9Q0Orxa
SN-556,Ray Wilson,Beach - Change Album Version,2011,https://open.spotify.com/track/2USVL06e8GzeNFwFUpRVp2
SN-557,Marius Danielsen,We Are the World,2020,https://open.spotify.com/track/5l9t7ngNYGuIrxKmJMe0lS
SN-558,Tygers Of Pan Tang,Words Cut Like Knives,2019,https://open.spotify.com/track/7430Rcg35uACcx87a1zb3q
SN-559,Axel Rudi Pell,As Blind as a Fool Can Be,2020,https://open.spotify.com/track/0pkaxyDaCR5Vq29c1i413B
SN-560,Aldo Nova,Ball and Chain 2.0,2018,https://open.spotify.com/track/6u6Hs5AvTZfefZ8a9LANfi
SN-561,Royal Hunt,Follow Me,1999,https://open.spotify.com/track/3sl1uZXGJyHkN1GpeegjlY
SN-562,Dennis DeYoung,Run for the Roses,2020,https://open.spotify.com/track/7vPNHzmwPlnUqOJ1y5mHQf
SN-563,Sorcerer,Lamenting of the Innocent,2020,https://open.spotify.com/track/2XMuCof26AZV8cXB61Najz
SN-564,Sorcerer,Deliverance,2020,https://open.spotify.com/track/2XS4XwwA1QcdDKbMeLQMSm
SN-565,Grave Digger,Thousand Tears,2020,https://open.spotify.com/track/4Uc29t7fG7nVFo6DiAnCWl
SN-566,Doomsday Outlaw,Suffer More,2018,https://open.spotify.com/track/3XE9oqpSi9w1wtziZdY79k
SN-567,Stargazery,I Found Angels,2020,https://open.spotify.com/track/2jW9y8kTxdNryRJhU0rH1x
SN-568,Electric Boys,The Lion's Roar,2020,https://open.spotify.com/track/3nm0LCTbmIvhybSrXo7X2j
SN-569,Blended Brew,Don't Say No,2020,https://open.spotify.com/track/29q2Md33HHW695RCTSQqsq
SN-570,Fiction Syxx,Suite Madame Blue,2019,https://open.spotify.com/track/6NAHXvlx735BQRY4eE7SYV
SN-571,Euphoria,Victims of Circumstance,2020,https://open.spotify.com/track/1ikgbhrzedAun0FiEWoUR0
SN-572,Mono Inc.,Nemesis,2020,https://open.spotify.com/track/2yNYmjZjww3KxTRA3jqIkZ
SN-573,Thundermother,Sleep,2020,https://open.spotify.com/track/798cZNFzZHG9wgoPmIaWOw
SN-574,Shining Black,A Sad Song,2020,https://open.spotify.com/track/73Ufvyr9tYeJ3yeXWjtoor
SN-575,Carnal Agony,Luna,2020,https://open.spotify.com/track/6lBZ25BpD83UDKmOEWUsy5
SN-576,Soulspell,A Little Too Far,2008,https://open.spotify.com/track/1NMSBizWp3Tx6yomBSfKcK
SN-577,Kilanerin,Hold Me Now,2020,https://open.spotify.com/track/0CxWGXsUenqKJeRQ1UGbgL
SN-578,Tokyo Motor Fist,Lions,2020,https://open.spotify.com/track/75hnzRReSlx72OrIUgNKei
SN-579,Janet Gardner,Say You Will,2020,https://open.spotify.com/track/6nKLZI3vOGV3kVPKKbjoEY
SN-580,Mandragora Scream,Lily Rose,2020,https://open.spotify.com/track/4ToEmT48oPH5erDitBeYf6
SN-581,Sixx:A.M.,"Maybe It’s Time (feat. Corey Taylor, Joe Elliott, Brantley Gilbert, Ivan Moody, Slash, AWOLNATION, Tommy Vext)",2020,https://open.spotify.com/track/1rptK1oec3gjHpzzrxHyln
SN-582,Tony Mitchell,Sacrifice,2020,https://open.spotify.com/track/7H3FSA7WvVN1IK6P59sd0d
SN-583,Tony Mitchell,I Believe In Angels,2020,https://open.spotify.com/track/7oca94qhm8P5xbXPjjz9DJ
SN-584,Geordie,House of the Rising Sun - Extended Version,2020,https://open.spotify.com/track/69YhbeJOLdT66NQBb2S9VY
SN-585,Revolution Renaissance,Revolution Renaissance (Stratovarius demo),2010,https://open.spotify.com/track/6RyHwQENGBakqdgB2IFLqO
SN-586,Cyhra,Lost in Time (Full Band),2019,https://open.spotify.com/track/3jgERkgpCGGdD1vzTbEO0c
SN-587,W.A.S.P.,Hallowed Ground,2002,https://open.spotify.com/track/6892jaGWq4JjbHvJFzEcYU
SN-588,Celestial Burst,The Maze,2020,https://open.spotify.com/track/3FM62FP3Ky1gvvhfZMqeT0
SN-589,Those Damn Crows,Never Win,2020,https://open.spotify.com/track/3mX0IXebAGrdQ8ojJqKss3
SN-590,Leander Kills,Feladtam egy levelet,2020,https://open.spotify.com/track/4Ut8a4PAX52WkHpvFPOjq1
SN-591,Skeletoon,Cold the Night,2020,https://open.spotify.com/track/2mwFtoLiG5VNBcujx0JeJX
SN-592,Pride Of Lions,Now,2020,https://open.spotify.com/track/0JFmiRuiBRgiprSNkJ0yGO
SN-593,Jeff Scott Soto,Without You,2020,https://open.spotify.com/track/4XAOapIbccZtqRnGWuSVUs
SN-594,Jaded Heart,If I Lose,2020,https://open.spotify.com/track/6iO21CCZ6Oxs5yqgntPWNI
SN-595,Jaded Heart,Give It Back,2020,https://open.spotify.com/track/5jLMOX0jrpPuaZILEOHiyo
SN-596,Mono Inc.,Life Hates You - Black Version,2020,https://open.spotify.com/track/3fDccWnZDiktYusT1EVCee
SN-597,Doomsday Outlaw,The Little Things,2020,https://open.spotify.com/track/4ypztqoQ8DvtjPaaWxy4PC
SN-598,Viikate,Alhaisen virran maa,2020,https://open.spotify.com/track/2FEQfECrD1zioiUa90jcsz
SN-599,Lake Of Tears,Like A Leaf,2007,https://open.spotify.com/track/5HDf82JljVwldEbN3yDBJb
SN-600,STORM FORCE,Different Roads,2020,https://open.spotify.com/track/2yjtnkLBVW9tBxWYlcOLML
SN-601,Black Paisley,Falling,2020,https://open.spotify.com/track/1EhdK1Nw0k55EurpcyCY9I
SN-602,Therion,Die Wellen der Zeit,2020,https://open.spotify.com/track/5gkUI7PNC46kjMi6aD5aFR
SN-603,Manowar,Herz aus Stahl,2020,https://open.spotify.com/track/68nhAOWCIluBnUzBYFScHK
SN-604,Crippled Black Phoenix,Everything I Say,2020,https://open.spotify.com/track/781LglIHerIGhmNeZioo7Z
SN-605,Soen,Illusion,2021,https://open.spotify.com/track/71LdkWBhTmfIyFAODT2Ubq
SN-606,Bonfire,Love Don't Lie - Almost Unplugged,2021,https://open.spotify.com/track/7K2ZtXdBAvgaZFvt9iXQxs
SN-607,Accept,The Best Is yet to Come,2021,https://open.spotify.com/track/0ojGXbSAH6INkZX24Kfs2u
SN-608,Prins Svart,Allt mitt liv,2020,https://open.spotify.com/track/2D6qi4jkqlVuRf7GiExMjL
SN-609,The Lightbringer of Sweden,The Beast Inside of Me,2020,https://open.spotify.com/track/31cFLd9qR3NXqNuudDtJmC
SN-610,Rainbow,The Temple Of The King,1975,https://open.spotify.com/track/0gaMmmhGi5buPXpquSAfxg
SN-611,Lake Of Tears,In Gloom,2021,https://open.spotify.com/track/1tIYjIOYPNyVotjj2BLmg7
SN-612,Stargazery,Everytime I Dream of You,2011,https://open.spotify.com/track/13SGLRiyXjOMNxFwCEvWVp
SN-613,Voodoo Circle,Eyes Full of Tears,2021,https://open.spotify.com/track/1Wd7J5jAWIjumrkwmBqeNP
SN-614,Ronnie Atkins,One Shot,2021,https://open.spotify.com/track/3anc26ZTUW3eboK8npRvwl
SN-615,Sunstorm,Lost Forever,2021,https://open.spotify.com/track/2tWRAlGSsEPAt1EsC5yrQP
SN-616,Doro,It Still Hurts,2014,https://open.spotify.com/track/4G0UdoJ120BHNZukephLWg
SN-617,Foreigner,I Can't Give Up,2009,https://open.spotify.com/track/3p7C5OxmPckqazshzScvFc
SN-618,Greta Van Fleet,Broken Bells,2021,https://open.spotify.com/track/2AxlSslgR8v0Hqq079x7vv
SN-619,Fiction Syxx,Innocence,2021,https://open.spotify.com/track/2ddfFJgdfCWpilK8P7IWIf
SN-620,Evergrey,You from You,2021,https://open.spotify.com/track/5r55a26fPj5av1QJzFbyWe
SN-621,Silver Lake by Esa Holopainen,Storm,2021,https://open.spotify.com/track/42NbA1vTZi5K9oGKojFV7O
SN-622,Primal Fear,I Will Be Gone,2021,https://open.spotify.com/track/0Jpy6nhSoiGzfBA5u8lvi3
SN-623,Eastern High,Afterglow,2017,https://open.spotify.com/track/3f9Dk6XKhEpK27xK9YefLU
SN-624,Wildness,The Ultimate Demise,2020,https://open.spotify.com/track/2DoCocQXRHYtLRil6cOXkW
SN-625,Teramaze,Stone,2021,https://open.spotify.com/track/5WNifaxu2FkOg8pQ3kCB8U
SN-626,Axel Rudi Pell,When Truth Hurts,2014,https://open.spotify.com/track/0UKfif50AhpBXKChxdO8aL
SN-627,Shiraz Lane,Same Ol' Blues,2016,https://open.spotify.com/track/2i7Qotu7rnjA37bdgf2SAM
SN-628,Gathering Of Kings,Passing Rain,2019,https://open.spotify.com/track/393K926fLephEZ2jRE0UGE
SN-629,The Answer,Tunnel,2016,https://open.spotify.com/track/14LpF1JhCFXJCna6E7g5z5
SN-630,Last Autumn's Dream,Love Again,2018,https://open.spotify.com/track/1pBTQCNVzbRijnwwpLNtM5
SN-631,Terry Brock,The Rain,2010,https://open.spotify.com/track/6uFSfph39WuCcZW8aAfZJf
SN-632,Terry Brock,A Soldier Falls,2010,https://open.spotify.com/track/5lad2weulhJ8a8h5MhyAwo
SN-633,Timo Tolkki’s Avalon,The Fire and the Sinner,2021,https://open.spotify.com/track/7n5VVe0Sya3ZeM3DcZqvs5
SN-634,Leprous,Castaway Angels,2020,https://open.spotify.com/track/3Gy5q1K4nTwDVVtyQWYv3t
SN-635,Lee Aaron,Twenty One,2021,https://open.spotify.com/track/0EMwsyknwsS5frcRoImywY
SN-636,Fiction Syxx,"Waiting, Wondering",2021,https://open.spotify.com/track/2sfxBJJzwaxF5ogczv3a5D
SN-637,Tungsten,Life and the Ocean,2020,https://open.spotify.com/track/70rA3A9RfvRkl3Wo9MBkWl
SN-638,Dennis DeYoung,Made for Each Other,2021,https://open.spotify.com/track/1r3WfJnoVJDBZsFtq0gRnw
SN-639,Styx,Hold Back The Darkness,2021,https://open.spotify.com/track/2NRQsGsxuSBrSi2xWJ8ePq
SN-640,Styx,Man In The Wilderness,1977,https://open.spotify.com/track/0hxHatHRsTDFNZ2Ruw47n3
SN-641,Orden Ogan,Alone in the Dark,2021,https://open.spotify.com/track/1ijsxd2wiLtMFCFRjzKLMw
SN-642,Knight Area,Heaven and Beyond,2017,https://open.spotify.com/track/11a4CA1C1dsPhgtRejkUhm
SN-643,Knight Area,Omaha Beach,2019,https://open.spotify.com/track/4EogyPyhawmGc6LtnMicc9
SN-644,Ray Wilson,Almost Famous,2021,https://open.spotify.com/track/1LixhbDi2HuXbRErJumTkN
SN-645,Timo Tolkki,Key to the Universe,2002,https://open.spotify.com/track/0FXD7vByySe9bbfG93J5gO
SN-646,Axel Rudi Pell,Room with a View,2021,https://open.spotify.com/track/4Jxa4D1D421C74jCh5QxG3
SN-647,Robin McAuley,Run Away,2021,https://open.spotify.com/track/7syvbu75t9Mlf0RkH6Yymj
SN-648,Michael Schenker Group,After the Rain,2021,https://open.spotify.com/track/4nYipsZhBTrcTUoeVX1GOW
SN-649,The Lightbringer of Sweden,Farewell,2021,https://open.spotify.com/track/00CuDLcwyolAXxG56dawgU
SN-650,The Lightbringer of Sweden,Heaven Has Fallen,2020,https://open.spotify.com/track/4o0lNufJnyTIDr6bNHsjli
SN-651,Mandoki Soulmates,Mother Europe,2019,https://open.spotify.com/track/3fWokXmKexT5QXjXw8ewow
SN-652,Wytch Hazel,Reap the Harvest,2020,https://open.spotify.com/track/3F9PYOkMThwJKevH4DmEo8
SN-653,W.A.S.P.,Miss You,2017,https://open.spotify.com/track/1ZtYsPbZycsHrCR0SXyg05
SN-654,Ray Wilson,Symptomatic,2021,https://open.spotify.com/track/5E7dq0Qo3R2oVnSo7HpQIO
SN-655,Serious Black,The Story,2021,https://open.spotify.com/track/4038sqc6G0BtFxZfv17bja
SN-656,Anneke van Giersbergen,Sobrevivire,2021,https://open.spotify.com/track/7j3494y4wWebvnkHXPkYFd
SN-657,Insomnium,The Wanderer,2021,https://open.spotify.com/track/6u8c9F8vSZoUp15oFFqc7V
SN-658,Nick Cave & The Bad Seeds,Push the Sky Away (with Melbourne Symphony Orchestra) [Live],2021,https://open.spotify.com/track/7uew1quFtTMqp90GWDCfMv
SN-659,Pink Floyd,On The Turning Away - 2019 Remix; 2021 Edit,2021,https://open.spotify.com/track/2NKoQEwE21RyUvgcHCoWXr
SN-660,Pyramaze,World Foregone - Orchestra Version,2021,https://open.spotify.com/track/510HfX2ibZyjHQ4MYpHNi9
SN-661,Joe Bonamassa,Mind’s Eye,2021,https://open.spotify.com/track/19vLbTpnjkQtcCTaHVPQUm
SN-662,Danny Bryant,Westport,2021,https://open.spotify.com/track/1Xr2xa2MFGkzwwOZX9s6FR
SN-663,Seventh Crystal,Broken Mirror,2021,https://open.spotify.com/track/3TKBCmkKzac4u7R4M3GUKu
SN-664,Seventh Crystal,Hope It Will Be Alright,2021,https://open.spotify.com/track/71wcVvXKThueRWtJzMACgI
SN-665,Nestor,Tomorrow,2021,https://open.spotify.com/track/2y2JFxRAlsblndpChCTSlR
SN-666,Lita Ford,Where Will I Find My Heart Tonight,2016,https://open.spotify.com/track/7ESSn9GMEclYO0vLL579Ri
SN-667,Labyrinth,Falling Rain,1998,https://open.spotify.com/track/2UWqF9TCmEhDAVjQ8aElHQ
SN-668,McAuley Schenker Group,What Happens To Me,1991,https://open.spotify.com/track/0n6Tc3UXJXneAgDWWQMO5u
SN-669,Powerwolf,Where The Wild Wolves Have Gone,2021,https://open.spotify.com/track/1tmfOaefgzVnSBywbVUNqj
SN-670,Blacktop Mojo,Tail Lights,2021,https://open.spotify.com/track/40EM3QMqdQlTs1kA5Ak0Kq
SN-671,Liliac,Sail Away,2020,https://open.spotify.com/track/7DAnPiMGgs3uHuBVMaL4zB
SN-672,Ray Wilson,Makes Me Think of Home,2016,https://open.spotify.com/track/3cWQ8dGRsZ9ticA70wArIc
SN-673,Rhapsody Of Fire,Magic Signs,2021,https://open.spotify.com/track/6pJwAv5A7NaMd5FaBTJKcG
SN-674,Nitrate,Why Can't You Feel My Love,2021,https://open.spotify.com/track/1LyH1fs2U8xRVXN4VLZyyL
SN-675,Dream Evil,Losing You,2002,https://open.spotify.com/track/5NNLgBi2sGXIEuhV2twWpe
SN-676,Queensrÿche,Someone Else? - Remastered,1994,https://open.spotify.com/track/6tuXAessqTJfxdJOASz5N7
SN-677,Bruce Dickinson,Acoustic Song - 2001 Remastered Version,2018,https://open.spotify.com/track/6K1UR93AJQvghzP2EFGUqQ
SN-678,Kraemer,Forever,2022,https://open.spotify.com/track/23tkO1eITGH0aIGoukECwV
SN-679,Robert Jon & the Wreck,Gold,2020,https://open.spotify.com/track/0okw8NRaGP97EFyBmvTyT1
SN-680,Ten,The Longest Time,2022,https://open.spotify.com/track/4t67nFA0u2aNPGiFKw2ttm
SN-681,Joe Satriani,Faceless,2022,https://open.spotify.com/track/6GXUPYp81JYlLC9JZJkcjH
SN-682,Hardcore Superstar,Fighter,2022,https://open.spotify.com/track/5LIwWPsDL508SAbetQhJJt
SN-683,Liliac,Close My Eyes Forever,2022,https://open.spotify.com/track/43sOhUJ2J05kqmVJiogdlj
SN-684,Ronnie Atkins,Let Love Lead the Way,2022,https://open.spotify.com/track/4GofaEvoIkf1JxLZucAn6h
SN-685,The Raven Age,Wait for Me,2021,https://open.spotify.com/track/5RgEQgzhKKCNltfxzsiWMt
SN-686,Lily Löwe,Crying Game,2022,https://open.spotify.com/track/5IZzHExMvoGHqMc2lEgz95
SN-687,Dynazty,Yours,2022,https://open.spotify.com/track/1Y0dy5kYpDpM3M928ivS4p
SN-688,Aldo Nova,Burn Like the Sun,2022,https://open.spotify.com/track/0YA8YUuLNfAPylIUdipYkS
SN-689,Saffire,Flight Of A Thousand Wings,2022,https://open.spotify.com/track/2mSjZtnGvsdhwKBg8wxoSe
SN-690,Skills,Losing the Track,2022,https://open.spotify.com/track/5YxoS4KsHji6lxTtxHae3H
SN-691,Scorpions,The Language Of My Heart - France Bonus Track,2022,https://open.spotify.com/track/4anwYZI6i9l5xi8caRrbo3
SN-692,Jeff Scott Soto,Until I See You Again,2022,https://open.spotify.com/track/4ZGMrkjBW0zxUOqjk3ZWF5
SN-693,Junkyard Drive,The Wonderland Of Temptations,2022,https://open.spotify.com/track/0VJ6tbZ5E5LrHWta3bLaMQ
SN-694,Axel Rudi Pell,Fly with Me,2022,https://open.spotify.com/track/617jQnNO0u5oHhKKulEop6
SN-695,The Silent Wedding,Loneliness,2017,https://open.spotify.com/track/5dEV3zbiKfZzs2dfZnxeXy
SN-696,J.R. Blackmore,Incomplete,2011,https://open.spotify.com/track/5jOgRJuvjfnJtqubVQZ0rV
SN-697,The Silent Wedding,A Cry from Within,2013,https://open.spotify.com/track/4OTZqPkRXCwMmmY35cTFI6
SN-698,The Silent Wedding,Diamonds and Rust,2021,https://open.spotify.com/track/1zGtsMalojTnAbhMyyZ17s
SN-699,Scorpions,Always Somewhere,1979,https://open.spotify.com/track/6QBVnSdsMEaiVUd05zl1LE
SN-700,MCC [Magna Carta Cartel],The Dying Option,2022,https://open.spotify.com/track/7C6SW1r3C6nJxxTbvRl9fi
SN-701,Journey,Live to Love Again,2022,https://open.spotify.com/track/0xdRb6RZyBQj1pxtrf0Onl
SN-702,Heaven & Earth,When a Blind Man Cries,2004,https://open.spotify.com/track/6sEMWYQz6zVhHNkI0O1If3
SN-703,Crashdïet,I Can't Move On (Without You),2022,https://open.spotify.com/track/4sXNSQ57XWcp0c6o82u7J8
SN-704,Symphony Of Sweden,Lay Them Down (A broken son's cry),2022,https://open.spotify.com/track/00D1LguBWyfQCePMYlxTTA
SN-705,H.E.A.T,One of Us,2022,https://open.spotify.com/track/38WnVJOW4MkwtTLgozSKl0
SN-706,Q5,Come and Gone,1984,https://open.spotify.com/track/4NvtC0tFmo9Qr06Oyq8rVZ
SN-707,Gathering Of Kings,A Rainbow And A Star,2022,https://open.spotify.com/track/1WxffBmlYH12u28wL3GmhO
SN-708,Restless Spirits,Always a Pretender,2022,https://open.spotify.com/track/0B1if2oDBVFPNF3c8WnzLY
SN-709,Sevi,Drowning,2022,https://open.spotify.com/track/70iKxjdSTXk5a7dosyDEqQ
SN-710,iLand,De mégis élünk,2022,https://open.spotify.com/track/4pDGluH7H1YpQ8y3algzv2
SN-711,Ginevra,Masquerade,2022,https://open.spotify.com/track/0gePXHfZci1XkhXTl34Dve
SN-712,House Of Lords,Avalanche,2022,https://open.spotify.com/track/2hujMFbmgxSveo8snpFe4F
SN-713,Statement,Fade Away,2022,https://open.spotify.com/track/4huGEEaLsbmg66d7FdywsS
SN-714,Ricky Warwick,Time Don't Seem to Matter,2021,https://open.spotify.com/track/7lh9ozAlvzuwnaPx3dEett
SN-715,Hell In the Club,Lullaby for an Angel,2020,https://open.spotify.com/track/39Gh7M0kvAj05L3DNO7sPu
SN-716,The Silent Wedding,Closer to the End,2019,https://open.spotify.com/track/4XpfwHM7InUQSRY4Vdpf9b
SN-717,Ellefson-Soto,Writing on the Wall,2022,https://open.spotify.com/track/6jbsf7yipwZLkhR7xp6WHa
SN-718,Perfect Plan,My Angel,2022,https://open.spotify.com/track/6gtED7NbfvlGLt9iS04ybs
SN-719,Satin,Heading for a Fall,2017,https://open.spotify.com/track/1PrsjouHn9nZwiKySKh0Zb
SN-720,Skagarack,This World,1988,https://open.spotify.com/track/4YL3LG1FQ1omEwI7oB9gw6
SN-721,Savage Circus,Beyond Reality,2005,https://open.spotify.com/track/2kitJ30oZkXybclwirSM1s
SN-722,Anthea,Memoriam,2022,https://open.spotify.com/track/1BrhiM7acERr9G4kaNtFn3
SN-723,Joe Lynn Turner,Dark Night Of The Soul,2022,https://open.spotify.com/track/7thNcj4tkWgKsojYoSxVk2
SN-724,Cats in Space,"1,000,000 Miles - Duet Version",2022,https://open.spotify.com/track/5yenZHmRTC04842oCptJ8l
SN-725,Soen,Fortune,2022,https://open.spotify.com/track/7rgt1CLTpyIGLrypUUvqTq
SN-726,Royal Hunt,Left in the Wind,2022,https://open.spotify.com/track/123rj1z3Y35sqFYPirNhaY
SN-727,Induction,Eternal Silence,2022,https://open.spotify.com/track/1ilESDYGPijEgUyVeGkKXk
SN-728,Remedy,Sundays At Nine,2022,https://open.spotify.com/track/1qjbHBRmsFLK55klAqFZrh
SN-729,Remedy,Lifeline,2022,https://open.spotify.com/track/0M38reokUBCqcLiPfa1Yk1
SN-730,From the Fire,You Will Survive,2006,https://open.spotify.com/track/7wRj7OY0CnSHHsVsOMQW0D
SN-731,Orden Ogan,Alone in the Dark,2022,https://open.spotify.com/track/2axDLNrxfBoEBtleiNKHK9
SN-732,Ten,New Found Hope,2023,https://open.spotify.com/track/1ydZGFsD0wfytrEG2lcgAs
SN-733,Mono Inc.,Angels Never Die,2023,https://open.spotify.com/track/0nBSXeNDD6ohiMivzg7Hyo
SN-734,Girish And The Chronicles,Angel,2023,https://open.spotify.com/track/7mHo9AxLulLQIl4TbI0LW9
SN-735,Girish And The Chronicles,Smile Little Child,2023,https://open.spotify.com/track/7vgJgV8GIsCKODe7zYVG6i
SN-736,The Lightbringer of Sweden,Where the eagles fly,2023,https://open.spotify.com/track/0B87bI1TBA8JRpAaWcNcK7
SN-737,Kardinal Sin,For the Heroes - Bonus Track,2018,https://open.spotify.com/track/48Bm9bbulFUiEYAEIvnMMh
SN-738,Robin McAuley,Can't Go On,2023,https://open.spotify.com/track/2gnB7LSNjqrHBonnuipfiG
SN-739,Brannon,Without You I'd Die,2023,https://open.spotify.com/track/7eqAeKs97MY5RVtiod2HcA
SN-740,First Signal,In the Name of Love,2023,https://open.spotify.com/track/6qcQsKig8Tvsuv1EnoxgDM
SN-741,Seventh Crystal,In the Mirror,2023,https://open.spotify.com/track/6PHJLhjlvQHdi8sgjqO8Hw
SN-742,Formosa,Manic Lover,2020,https://open.spotify.com/track/2wzjWIHfbjwSG6874IxGZb
SN-743,Secret,Say A Prayer,2023,https://open.spotify.com/track/2FbUSGGykT74gQtWADH92z
SN-744,Secret,Everything Is Gone,2023,https://open.spotify.com/track/4VcStqWPBywSumHX7Z3btD
SN-745,Stormwarning,Question of Time,2023,https://open.spotify.com/track/4BChI2Oaj79sc3Ucb4M6Ra
SN-746,Night Demon,A Wake,2023,https://open.spotify.com/track/6Jdv9ywq6Nwmuy6YWjELzN
SN-747,Lee Abraham,Realisation,2019,https://open.spotify.com/track/3o1FDJheUTkFaoegvXYPxM
SN-748,H.E.A.T,One of Us,2023,https://open.spotify.com/track/2wDQxbQvv72Qcb0bFBQZFj
SN-749,Excalion,Eternals,2023,https://open.spotify.com/track/002U60sacx4zyUCQbDWW6j
SN-750,The Baboon Show,Prisoners,2023,https://open.spotify.com/track/1nAymu63wUdmG67Y8yBSkj
SN-751,DREAMTIDE,For the Fairies,2022,https://open.spotify.com/track/54JvD6tVLfRoEVnECJOsRA
SN-752,Hogjaw,The Fog,2008,https://open.spotify.com/track/0LtWoIcGmBILbAlfT3IRoZ
SN-753,Bonfire,Who's Foolin' Who - MMXXIII Version,2023,https://open.spotify.com/track/7ak4yei3dKu63fFqr8Onjn
SN-754,Arctic Rain,Believe,2023,https://open.spotify.com/track/6Rhy3jaIjUvwL3CkCvVI3l
SN-755,Cry of Dawn,Edge of a Broken Heart,2023,https://open.spotify.com/track/3Q2MZdxPBBYffft4fPylj9
SN-756,All For Metal,Legends Never Die,2023,https://open.spotify.com/track/65TDqhB2VwV04RKG8f1BBN
SN-757,Shakra,As I Lay Down to Sleep,2023,https://open.spotify.com/track/7v9OKg5iviEL7jS0A9STTx
SN-758,Edguy,Roses to No One,2000,https://open.spotify.com/track/30DZbt1xgcWFRJpw2qYHu1
SN-759,Axel Rudi Pell,Don't Say Goodbye,2004,https://open.spotify.com/track/12AZ89qq2fbGbx9dff3YuB
SN-760,STEELHEART,Lips of Rain,2017,https://open.spotify.com/track/7LnOGZ7UyhcBUTLklsOHy3
SN-761,Revolution Saints,Voices,2023,https://open.spotify.com/track/7fH5GOcbyzRsD9U2t42Dnv
SN-762,Boston,A Man I'll Never Be,1978,https://open.spotify.com/track/0bjKbwEvZfU5epyZ3aZm1y
SN-763,Jelusick,The Great Divide,2023,https://open.spotify.com/track/15vnA3pQtc52JnO0FIg2jR
SN-764,Tommy J,She's Gone,2023,https://open.spotify.com/track/3HNGXNuZHA5NpDZYDRbmJH
SN-765,Strangerland,Scent of a Rose,2023,https://open.spotify.com/track/5dzY4s9IOhp855eWltDF6S
SN-766,Auspicious Sky,The Memories Will Remain - Tomas Wallin Version,2022,https://open.spotify.com/track/5h5NfjzGvL2aTgQJQAwOek
SN-767,Skagarack,Changing,2023,https://open.spotify.com/track/3hWAaeC9C769Oq43SNzsvy
SN-768,Skagarack,Anymore,2023,https://open.spotify.com/track/1wjrUbVeB3yNWE7HFuFVLs
SN-769,Kaj Pousar,Don't Stay,2023,https://open.spotify.com/track/7pzLMhb36pA4EKk2NUXB3i
SN-770,Kaj Pousar,The Creeps,2023,https://open.spotify.com/track/5VJlWITfn5uKRbLpduJxHq
SN-771,Kaj Pousar,På den andra sidan,2019,https://open.spotify.com/track/6iw557mow4etx7vbQOoe75
SN-772,Streetlight,Words For Mending Hearts,2023,https://open.spotify.com/track/5rf0uNjJoAsDwARpxdYUWz
SN-773,Nitrate,Why Can't You Feel My Love,2021,https://open.spotify.com/track/5Ao1e10feFYlEoijns9pRD
SN-774,Primal Fear,Forever,2023,https://open.spotify.com/track/65KOHuskZsQ7mmBtsQupFW
SN-775,Skull & Crossbones,Live Your Dreams,2023,https://open.spotify.com/track/1FWp6T0InfwR64Xcu6035k
SN-776,Bonfire,You Make Me Feel - MMXXIII Version,2023,https://open.spotify.com/track/1bJvRFroPCiPrCZvbWyCh3
SN-777,Robby Valentine,Embrace the Unknown,2023,https://open.spotify.com/track/538d5dlVZWDcVv4xcjKjzY
SN-778,Mike Tramp,When the Children Cry,2023,https://open.spotify.com/track/4lAwmb6bLXmqizmEnBeM7S
SN-779,Michael Kiske,Breathe In Water,2007,https://open.spotify.com/track/5bgf3cTDp1eVifG5SFU3QW
SN-780,Maiden United,The Evil That Men Do,2012,https://open.spotify.com/track/6Zl7QRW8ZaZvcbS1TsynVo
SN-781,Volbeat,Our Loved Ones,2013,https://open.spotify.com/track/2p4lB0pwDkuMo6tvFzGCOr
SN-782,Hugo's Voyage,In My Heart,2023,https://open.spotify.com/track/3Bo9dEbJQIGUEI95Nd40hs
SN-783,Dokken,I'll Never Give Up,2023,https://open.spotify.com/track/23gPLqZgvlpG044I3HJJEX
SN-784,Soledriver,Wounded,2023,https://open.spotify.com/track/40AzK19VI4ncgl1GizMhXm
SN-785,Serenity,Soldiers Under the Cross,2023,https://open.spotify.com/track/3T48Of1Y617Es48LJJvC9f
SN-786,Hurricane,Behind Your Shadow,2023,https://open.spotify.com/track/6XUN8kKAHNRBhaIUJuZdaL
SN-787,Hobo,A remény balladája,2023,https://open.spotify.com/track/1iXRTHqRTAiccDYyJBs9Cw
SN-788,Sons Of Eternity,Ruins,2023,https://open.spotify.com/track/0wbI66Z1vDLnKbkpKG4hQU
SN-789,Noage,Never too Late,2023,https://open.spotify.com/track/06G4rVWWyB1NuiMBmHfK9C
SN-790,Alexandra Căpitănescu,Alone - Live,2023,https://open.spotify.com/track/5IRqMyhtMtVXDdHp1zEa30
SN-791,Lastworld,You Never Listen to Me,2024,https://open.spotify.com/track/11DC9FI2fvh9jmB8GQufGV
SN-792,Timson AOR,Forever's Not Enough,2024,https://open.spotify.com/track/4wC5yxlPOlQ24hTK6uLPQB
SN-793,Magnum,The Day He Lied,2024,https://open.spotify.com/track/6kgRZx4xU5LkLMWhoA12lc
SN-794,Ravenstine,When I'm Dead And Gone,2024,https://open.spotify.com/track/5Osjrx7cFK4CnOLXntZKDb
SN-795,Lucassen & Soeterboek's Plan Nine,Before The Morning Comes,2024,https://open.spotify.com/track/5SctkdbgrxAUS6mudwZUh0
SN-796,Eve's Bite,Locked In My Dreams,2024,https://open.spotify.com/track/0M6rB534KsJxQxtJGFYt4f
SN-797,Grand,Daze Of Yesterday,2024,https://open.spotify.com/track/49hYazgSsBsTVsivDhPnyN
SN-798,Ossian,Méltósággal,2024,https://open.spotify.com/track/22fxYjUgpUXMUqplGumBam
SN-799,Bruce Dickinson,Face In the Mirror,2024,https://open.spotify.com/track/3zdYk9GIXJ6o61mkX8GbAt
SN-800,John Elefante,Not Alone,2022,https://open.spotify.com/track/5fmVMrRyWkk4ZIPI8F28xb
SN-801,Blaze Bayley,The Broken Man,2024,https://open.spotify.com/track/0fbUp7gXH1DfxkbN0kk8qV
SN-802,Orden Ogan,My Worst Enemy,2024,https://open.spotify.com/track/31NjXNPvx0WcneXb8rZCTc
SN-803,S.O.R.M,Under My Skin,2024,https://open.spotify.com/track/1H5FAMGbUhGHnwPqD56RLh
SN-804,Badhoven,Spirit of the Lake,2024,https://open.spotify.com/track/2EKjhD3InmRfZpcytpWxx3
SN-805,Cruzh,From Above,2024,https://open.spotify.com/track/38AJMCbizJoXJRGnCy3kQ8
SN-806,Cruzh,Cady - Neon Sensei Remix - Bonus Track,2022,https://open.spotify.com/track/75lTIfGJGIRbSx9FXRmaoW
SN-807,Cruzh,Straight from My Heart,2016,https://open.spotify.com/track/3uSwOJw3evdF11gOaSviRH
SN-808,Grave Digger,The Ballad of Mary 2010,2011,https://open.spotify.com/track/7h2ndzcijyQretOnMba956
SN-809,Cruzh,Anything for You,2016,https://open.spotify.com/track/4gtA0jDidnbCmM4D0xAwXO
SN-810,Tokt,End of the world,2024,https://open.spotify.com/track/4OPGmloj3HSl3H7klu2IdB
SN-811,Hardreams,We're One,2008,https://open.spotify.com/track/6JqqXVbuI64BLc02357cHc
SN-812,Hardreams,Now You're Mine,2013,https://open.spotify.com/track/0FHlFp1kWV5jZzJN7uiuHh
SN-813,Accept,Ravages Of Time,2024,https://open.spotify.com/track/2vq6ht7IP6BRHSqFaFB8wh
SN-814,Black Diamonds,Only for a While,2024,https://open.spotify.com/track/6vsbJBT9esZSfzUSCOHkVL
SN-815,Black Tiger,Heartbreak Waterfall,2024,https://open.spotify.com/track/3DWeVdGP2lRjCFlURPtjs6
SN-816,Ivanhoe,Small Path Home,2024,https://open.spotify.com/track/2FYsz0b9p7FhM2umE5b328
SN-817,Slash,Metal Chestnut,2024,https://open.spotify.com/track/0hx19Rxlafp5mpiRa2FEIF
SN-818,Stormwarning,Question Of Time - Alternative Mix,2024,https://open.spotify.com/track/3pOjF21nYjRF4GvN9TDFdY
SN-819,Night Laser,Travelers In Time,2024,https://open.spotify.com/track/2hhLRITl9eDbk5EuYZZ33Z
SN-820,Remedy,Something They Call Love,2024,https://open.spotify.com/track/3xwtQuBSlEpu97OusR73N4
SN-821,Black Diamonds,Only for a While,2024,https://open.spotify.com/track/49eb4GglKAZF00QoodXaoM
SN-822,Universe III,Why,2024,https://open.spotify.com/track/2Trz7d7drrNSuOm5XTkNry
SN-823,Night Pleasure Hotel,Walking Through the Horizon,2024,https://open.spotify.com/track/7gNulfN7c3dVwUV2aqUlgN
SN-824,The Mighty One,Kickin' Stones,2021,https://open.spotify.com/track/1JqVuH4Ofy4Bg7src0YhUb
SN-825,Human Zoo,Daddy You're A Star,2024,https://open.spotify.com/track/1RTFU99lacfsZjbvKXxHLp
SN-826,Manns Best Friend,Forbidden Love (Romeo),2024,https://open.spotify.com/track/5h8LYW2lq3TNrB9enaMPbw
SN-827,Santa Ana Winds,Home at Last,2024,https://open.spotify.com/track/19rSnOd1ubv4Vhf2zVeh2e
SN-828,Gabriels,You can cry,2024,https://open.spotify.com/track/64BN5bV4pNdCK5yXM12lyM
SN-829,Bosphorus Night,No Reason to Stay,2023,https://open.spotify.com/track/3I8mrCLjYHIJVt8hZM58Wm
SN-830,Wade Babcock,"Dream No More - ""Symphonic Metal Ballad Version""",2024,https://open.spotify.com/track/2oX4dac4HAZT0gE5gXlM2M
SN-831,All For Metal,Path Of The Brave,2024,https://open.spotify.com/track/5n0fwiekxYA6rZVrYLwuHv
SN-832,SNARM,No Rain Can Wash Away,2024,https://open.spotify.com/track/7MTW3MW43MRWGm5vuSgCQL
SN-833,Wade Babcock,When You Were Sweet Sixteen,2024,https://open.spotify.com/track/3efhPcqh2vfK9vTtvnETaF
SN-834,Night Demon,Darkness Remains - Deluxe & Expanded,2024,https://open.spotify.com/track/0NGIRHjEnBOxXufomzN6u8
SN-835,Eclipse,Dive Into You,2024,https://open.spotify.com/track/2oXPTunDtlVQqpFIwDqukl
SN-836,NATIONWIDE,The Last Goodbye,2024,https://open.spotify.com/track/5ygsYSELwgQbBKe4HXSDWE
SN-837,The Grammers,You I Salute,2024,https://open.spotify.com/track/5OFHvTbajeUQSh1JERxATN
SN-838,Erika,Sugarcoated,2024,https://open.spotify.com/track/1u8vsEO3owkJgzZunNQa6m
SN-839,House Of Lords,Don't Wanna Say Goodbye,2024,https://open.spotify.com/track/1R5PcDvCVFa9P8wRwjYPVD
SN-840,Kings of Mercia,Battle Scars,2024,https://open.spotify.com/track/0MSzaxhj2ARa3jwz013ACo
SN-841,RAZOR HIGHWAY,DEAD MAN’S PARADISE,2024,https://open.spotify.com/track/49GB7MV1HwSfAayaNP1lXn
SN-842,Whitesnake,Don't You Cry - 2024 Remix,2024,https://open.spotify.com/track/78Q5NV5e5J1tjFRpJ2g2V3
SN-843,Tenhi,Saattue,2023,https://open.spotify.com/track/6zbpLpVAcsJECrEbRWQ1tD
SN-844,Winding Road,I Lost You,2021,https://open.spotify.com/track/1EmWLTo9x24rXxZZiVAumV
SN-845,Bildtstar,Au Revoir,2024,https://open.spotify.com/track/4iOKMLAw7ZYPzXJEx8wkBd
SN-846,Sunstorm,Without You,2024,https://open.spotify.com/track/06xuIqdS4JzefDpNVywi5L
SN-847,Exit Eden,Alone,2024,https://open.spotify.com/track/6Q5csboYNrOWa4uQkONMHf
SN-848,Joe Lynn Turner,Forever - English Version,2024,https://open.spotify.com/track/5D3AdB5sdWlUBBBMlK5x8a
SN-849,Johnny Gioeli,Heaven in Flames,2024,https://open.spotify.com/track/2skPw3rG5sLkZ0rQm0ezsk
SN-850,The Reality Machine,Never Loved You,2024,https://open.spotify.com/track/41xEwlQm5ijGo6xwwrmFO8
SN-851,Thieves of Liberty,Luminescent Daydream,2024,https://open.spotify.com/track/2oT8cItMszDjZVKqYmoSt3
SN-852,Fatal Vision,In Another Life,2024,https://open.spotify.com/track/5C0hYbiHvX06GNCW7inpsA
SN-853,After Lapse,Turn Into Light,2024,https://open.spotify.com/track/0zVz25fZ7DAdOHqZl0kot0
SN-854,Sunlight,Secret of Silence,2024,https://open.spotify.com/track/6Cn3wByOaoDLTeaWCciGa8
SN-855,Powell-Payne,All For Love,2024,https://open.spotify.com/track/1aSiWdxPwGCoxvfheiAt8S
SN-856,Atomic Reign,Goodbye,2024,https://open.spotify.com/track/6VPlbOhsznfruCRrNXJq8C
SN-857,Atomic Reign,She Doesn't Have To Know,2024,https://open.spotify.com/track/1gdiWXXRpW4vhDrW55fJlF
SN-858,Johnny Chase,Tomorrow's Too Late,2014,https://open.spotify.com/track/5SWc5hmVU0Ptkl3NfMTIdt
SN-859,Sorceress of Sin,The Quest,2024,https://open.spotify.com/track/5OHu6W8c1p2Bp2gXBxnQCl
SN-860,Bonfire,When Love Comes Down,2025,https://open.spotify.com/track/4A9LukSnaL5qjIJGPg2ihQ
SN-861,Erika,Hell And Back To You,2025,https://open.spotify.com/track/257KZcxGTUBsaYDWN9ULW5
SN-862,Dream Theater,Bend the Clock,2025,https://open.spotify.com/track/68D2W6r8x6vcdzHCPVmw04
SN-863,Art Nation,Julia,2025,https://open.spotify.com/track/4yGmufwP91OUoTsSw2uqkQ
SN-864,Paul Rodgers,Conquistadora,1997,https://open.spotify.com/track/1uDkk65Vr7eoWyUoO4lrZX
SN-865,Atomic Reign,Feel The Fire,2025,https://open.spotify.com/track/2Dh7wIYWL232N2srTJEPq1
SN-866,Atomic Reign,Lover's Pact,2024,https://open.spotify.com/track/4F4XiC7bS2taPD4pkz7vkN
SN-867,Atomic Reign,Forbidden Hearts,2025,https://open.spotify.com/track/1ZNa1BPifFjeBHJBjDLXhb
SN-868,Ossian,Abban a percben,2025,https://open.spotify.com/track/5d2Yjcmx7poq2fA6iRJaWg
